1,1,1,2008/2009,1,8/17/2008 0:00,492473,9987,9993
2,1,1,2008/2009,1,8/16/2008 0:00,492474,10000,9994
3,1,1,2008/2009,1,8/16/2008 0:00,492475,9984,8635
4,1,1,2008/2009,1,8/17/2008 0:00,492476,9991,9998
5,1,1,2008/2009,1,8/16/2008 0:00,492477,7947,9985
6,1,1,2008/2009,1,9/24/2008 0:00,492478,8203,8342
7,1,1,2008/2009,1,8/16/2008 0:00,492479,9999,8571
8,1,1,2008/2009,1,8/16/2008 0:00,492480,4049,9996
9,1,1,2008/2009,1,8/16/2008 0:00,492481,10001,9986
10,1,1,2008/2009,10,11/1/2008 0:00,492564,8342,8571
11,1,1,2008/2009,10,10/31/2008 0:00,492565,9985,9986
12,1,1,2008/2009,10,11/2/2008 0:00,492566,10000,9991
13,1,1,2008/2009,10,11/1/2008 0:00,492567,9994,9998
14,1,1,2008/2009,10,11/1/2008 0:00,492568,7947,10001
15,1,1,2008/2009,10,11/1/2008 0:00,492569,8203,9999
16,1,1,2008/2009,10,11/1/2008 0:00,492570,9996,9984
17,1,1,2008/2009,10,11/1/2008 0:00,492571,4049,9987
18,1,1,2008/2009,10,11/2/2008 0:00,492572,9993,8635
19,1,1,2008/2009,11,11/8/2008 0:00,492573,8635,9994
20,1,1,2008/2009,11,11/8/2008 0:00,492574,9998,9996
21,1,1,2008/2009,11,11/9/2008 0:00,492575,9986,8342
22,1,1,2008/2009,11,11/7/2008 0:00,492576,9984,10000
23,1,1,2008/2009,11,11/8/2008 0:00,492577,9991,7947
24,1,1,2008/2009,11,11/8/2008 0:00,492578,9999,4049
25,1,1,2008/2009,11,11/8/2008 0:00,492579,8571,8203
26,1,1,2008/2009,11,11/8/2008 0:00,492580,10001,9987
27,1,1,2008/2009,11,11/9/2008 0:00,492581,9993,9985
28,1,1,2008/2009,12,11/16/2008 0:00,492582,8342,8635
29,1,1,2008/2009,12,11/15/2008 0:00,492583,9987,9999
30,1,1,2008/2009,12,11/15/2008 0:00,492584,10000,9993
31,1,1,2008/2009,12,11/16/2008 0:00,492585,9994,9985
32,1,1,2008/2009,12,11/15/2008 0:00,492586,7947,8571
33,1,1,2008/2009,12,11/15/2008 0:00,492587,8203,9998
34,1,1,2008/2009,12,11/15/2008 0:00,492588,9996,9986
35,1,1,2008/2009,12,11/15/2008 0:00,492589,4049,9984
36,1,1,2008/2009,12,11/14/2008 0:00,492590,10001,9991
37,1,1,2008/2009,13,11/22/2008 0:00,492591,8635,10001
38,1,1,2008/2009,13,11/22/2008 0:00,492592,9985,9996
39,1,1,2008/2009,13,11/22/2008 0:00,492622,9998,8342
40,1,1,2008/2009,13,11/22/2008 0:00,492623,9986,4049
41,1,1,2008/2009,13,11/22/2008 0:00,492624,9984,8203
42,1,1,2008/2009,13,11/23/2008 0:00,492628,9991,9987
43,1,1,2008/2009,13,11/22/2008 0:00,492631,9999,7947
44,1,1,2008/2009,13,12/16/2008 0:00,492636,8571,10000
45,1,1,2008/2009,13,11/22/2008 0:00,492638,9993,9994
46,1,1,2008/2009,14,11/30/2008 0:00,492649,8342,9993
47,1,1,2008/2009,14,11/29/2008 0:00,492651,9987,9984
48,1,1,2008/2009,14,11/29/2008 0:00,492658,10000,9986
49,1,1,2008/2009,14,11/29/2008 0:00,492662,9991,9999
50,1,1,2008/2009,14,11/28/2008 0:00,492664,7947,8635
51,1,1,2008/2009,14,11/30/2008 0:00,492666,8203,9985
52,1,1,2008/2009,14,11/29/2008 0:00,492670,9996,9994
53,1,1,2008/2009,14,11/29/2008 0:00,492674,4049,8571
54,1,1,2008/2009,14,11/29/2008 0:00,492677,10001,9998
55,1,1,2008/2009,15,12/6/2008 0:00,492683,8635,4049
56,1,1,2008/2009,15,12/6/2008 0:00,492686,9985,10000
57,1,1,2008/2009,15,12/6/2008 0:00,492689,9998,7947
58,1,1,2008/2009,15,12/6/2008 0:00,492692,9986,8203
59,1,1,2008/2009,15,12/5/2008 0:00,492693,9984,9991
60,1,1,2008/2009,15,12/7/2008 0:00,492696,9994,8342
61,1,1,2008/2009,15,12/6/2008 0:00,492699,9999,10001
62,1,1,2008/2009,15,12/7/2008 0:00,492702,8571,9987
63,1,1,2008/2009,15,12/6/2008 0:00,492706,9993,9996
64,1,1,2008/2009,16,12/14/2008 0:00,492709,8342,9985
65,1,1,2008/2009,16,12/13/2008 0:00,492713,9987,9986
66,1,1,2008/2009,16,12/13/2008 0:00,492717,10000,9996
67,1,1,2008/2009,16,12/13/2008 0:00,492720,9991,8571
68,1,1,2008/2009,16,12/13/2008 0:00,492722,7947,9994
69,1,1,2008/2009,16,12/12/2008 0:00,492724,8203,9993
70,1,1,2008/2009,16,12/14/2008 0:00,492728,9999,8635
71,1,1,2008/2009,16,12/13/2008 0:00,492734,4049,9998
72,1,1,2008/2009,16,12/13/2008 0:00,492735,10001,9984
73,1,1,2008/2009,17,12/19/2008 0:00,492742,8635,9987
74,1,1,2008/2009,17,12/21/2008 0:00,492745,9985,9991
75,1,1,2008/2009,17,12/20/2008 0:00,492746,9998,10000
76,1,1,2008/2009,17,12/20/2008 0:00,492749,9986,7947
77,1,1,2008/2009,17,12/20/2008 0:00,492753,9984,9999
78,1,1,2008/2009,17,12/20/2008 0:00,492757,9994,8203
79,1,1,2008/2009,17,12/20/2008 0:00,492758,9996,8342
80,1,1,2008/2009,17,12/21/2008 0:00,492760,8571,10001
81,1,1,2008/2009,17,12/20/2008 0:00,492763,9993,4049
82,1,1,2008/2009,18,1/18/2009 0:00,492769,9993,9987
83,1,1,2008/2009,18,1/17/2009 0:00,492772,9994,10000
84,1,1,2008/2009,18,1/16/2009 0:00,492775,8635,9984
85,1,1,2008/2009,18,1/17/2009 0:00,492779,9998,9991
86,1,1,2008/2009,18,1/17/2009 0:00,492781,9985,7947
87,1,1,2008/2009,18,1/17/2009 0:00,492782,8342,8203
88,1,1,2008/2009,18,1/17/2009 0:00,492785,8571,9999
89,1,1,2008/2009,18,1/17/2009 0:00,492789,9996,4049
90,1,1,2008/2009,18,1/18/2009 0:00,492792,9986,10001
91,1,1,2008/2009,19,1/25/2009 0:00,492798,10000,8342
92,1,1,2008/2009,19,2/18/2009 0:00,492801,9991,8635
93,1,1,2008/2009,19,1/25/2009 0:00,492804,10001,9985
94,1,1,2008/2009,19,1/24/2009 0:00,492805,9987,9998
95,1,1,2008/2009,19,1/24/2009 0:00,492807,9999,9986
96,1,1,2008/2009,19,1/24/2009 0:00,492810,4049,9994
97,1,1,2008/2009,19,1/24/2009 0:00,492814,8203,9996
98,1,1,2008/2009,19,1/24/2009 0:00,492817,9984,8571
99,1,1,2008/2009,19,1/24/2009 0:00,492819,7947,9993
100,1,1,2008/2009,2,10/29/2008 0:00,492482,8342,10000
101,1,1,2008/2009,2,8/23/2008 0:00,492483,8635,9991
102,1,1,2008/2009,2,8/23/2008 0:00,492484,9985,10001
103,1,1,2008/2009,2,8/24/2008 0:00,492485,9998,9987
104,1,1,2008/2009,2,8/23/2008 0:00,492486,9986,9999
105,1,1,2008/2009,2,8/23/2008 0:00,492487,9994,4049
106,1,1,2008/2009,2,8/23/2008 0:00,492488,9996,8203
107,1,1,2008/2009,2,8/23/2008 0:00,492489,8571,9984
108,1,1,2008/2009,2,8/23/2008 0:00,492490,9993,7947
109,1,1,2008/2009,20,1/31/2009 0:00,492822,8571,8635
110,1,1,2008/2009,20,2/1/2009 0:00,492844,9994,9987
111,1,1,2008/2009,20,1/31/2009 0:00,492845,9998,9984
112,1,1,2008/2009,20,2/1/2009 0:00,492847,9986,9991
113,1,1,2008/2009,20,1/31/2009 0:00,492849,9996,7947
114,1,1,2008/2009,20,1/31/2009 0:00,492851,10000,8203
115,1,1,2008/2009,20,1/31/2009 0:00,492853,9985,9999
116,1,1,2008/2009,20,1/31/2009 0:00,492856,8342,4049
117,1,1,2008/2009,20,1/31/2009 0:00,492858,9993,10001
118,1,1,2008/2009,21,2/7/2009 0:00,492989,7947,8342
119,1,1,2008/2009,21,2/6/2009 0:00,492990,8571,9985
120,1,1,2008/2009,21,2/7/2009 0:00,492991,8635,9998
121,1,1,2008/2009,21,2/7/2009 0:00,492992,9987,10000
122,1,1,2008/2009,21,2/8/2009 0:00,492993,9984,9986
123,1,1,2008/2009,21,2/8/2009 0:00,492994,10001,9994
124,1,1,2008/2009,21,2/7/2009 0:00,492995,4049,8203
125,1,1,2008/2009,21,2/7/2009 0:00,492996,9991,9996
126,1,1,2008/2009,21,2/7/2009 0:00,492997,9999,9993
127,1,1,2008/2009,22,2/15/2009 0:00,492998,9986,8635
128,1,1,2008/2009,22,2/15/2009 0:00,492999,8342,9987
129,1,1,2008/2009,22,2/14/2009 0:00,493000,9993,9984
130,1,1,2008/2009,22,2/14/2009 0:00,493001,8203,9991
131,1,1,2008/2009,22,2/14/2009 0:00,493002,10000,7947
132,1,1,2008/2009,22,2/14/2009 0:00,493003,9994,9999
133,1,1,2008/2009,22,2/14/2009 0:00,493004,9998,8571
134,1,1,2008/2009,22,2/14/2009 0:00,493005,9985,4049
135,1,1,2008/2009,22,2/14/2009 0:00,493006,9996,10001
136,1,1,2008/2009,23,2/22/2009 0:00,493007,10001,8342
137,1,1,2008/2009,23,2/22/2009 0:00,493008,8635,9985
138,1,1,2008/2009,23,2/21/2009 0:00,493009,9999,9998
139,1,1,2008/2009,23,2/21/2009 0:00,493010,4049,10000
140,1,1,2008/2009,23,2/21/2009 0:00,493011,8571,9986
141,1,1,2008/2009,23,2/21/2009 0:00,493012,9984,9994
142,1,1,2008/2009,23,2/21/2009 0:00,493013,7947,8203
143,1,1,2008/2009,23,2/20/2009 0:00,493014,9987,9996
144,1,1,2008/2009,23,2/21/2009 0:00,493015,9991,9993
145,1,1,2008/2009,24,2/28/2009 0:00,493016,9996,8635
146,1,1,2008/2009,24,2/27/2009 0:00,493017,8203,9987
147,1,1,2008/2009,24,2/28/2009 0:00,493018,9986,9998
148,1,1,2008/2009,24,3/1/2009 0:00,493019,9985,9984
149,1,1,2008/2009,24,3/1/2009 0:00,493020,9994,9991
150,1,1,2008/2009,24,2/28/2009 0:00,493021,8342,9999
151,1,1,2008/2009,24,2/28/2009 0:00,493022,9993,8571
152,1,1,2008/2009,24,2/28/2009 0:00,493023,7947,4049
153,1,1,2008/2009,24,2/28/2009 0:00,493024,10000,10001
154,1,1,2008/2009,25,3/8/2009 0:00,493025,9984,8342
155,1,1,2008/2009,25,3/6/2009 0:00,493026,9998,9985
156,1,1,2008/2009,25,3/7/2009 0:00,493027,8635,10000
157,1,1,2008/2009,25,3/7/2009 0:00,493028,8571,9994
158,1,1,2008/2009,25,3/7/2009 0:00,493029,9987,7947
159,1,1,2008/2009,25,3/8/2009 0:00,493030,10001,8203
160,1,1,2008/2009,25,3/7/2009 0:00,493031,9999,9996
161,1,1,2008/2009,25,3/7/2009 0:00,493032,9991,4049
162,1,1,2008/2009,25,3/7/2009 0:00,493033,9986,9993
163,1,1,2008/2009,26,3/13/2009 0:00,493034,8203,8635
164,1,1,2008/2009,26,3/15/2009 0:00,493035,9985,9987
165,1,1,2008/2009,26,3/14/2009 0:00,493036,9993,9998
166,1,1,2008/2009,26,3/14/2009 0:00,493037,9994,9986
167,1,1,2008/2009,26,3/14/2009 0:00,493038,7947,9984
168,1,1,2008/2009,26,3/15/2009 0:00,493039,8342,9991
169,1,1,2008/2009,26,3/14/2009 0:00,493040,10000,9999
170,1,1,2008/2009,26,3/14/2009 0:00,493041,9996,8571
171,1,1,2008/2009,26,3/14/2009 0:00,493042,4049,10001
172,1,1,2008/2009,27,3/20/2009 0:00,493043,8571,8342
173,1,1,2008/2009,27,3/22/2009 0:00,493044,9986,9985
174,1,1,2008/2009,27,3/22/2009 0:00,493045,9991,10000
175,1,1,2008/2009,27,3/21/2009 0:00,493046,9998,9994
176,1,1,2008/2009,27,3/21/2009 0:00,493047,10001,7947
177,1,1,2008/2009,27,3/21/2009 0:00,493048,9999,8203
178,1,1,2008/2009,27,3/21/2009 0:00,493049,9984,9996
179,1,1,2008/2009,27,3/21/2009 0:00,493050,9987,4049
180,1,1,2008/2009,27,3/21/2009 0:00,493051,8635,9993
181,1,1,2008/2009,28,4/5/2009 0:00,493052,9994,8635
182,1,1,2008/2009,28,4/4/2009 0:00,493053,9996,9998
183,1,1,2008/2009,28,4/4/2009 0:00,493054,8342,9986
184,1,1,2008/2009,28,4/4/2009 0:00,493055,10000,9984
185,1,1,2008/2009,28,4/4/2009 0:00,493056,7947,9991
186,1,1,2008/2009,28,4/4/2009 0:00,493057,4049,9999
187,1,1,2008/2009,28,4/4/2009 0:00,493058,8203,8571
188,1,1,2008/2009,28,4/4/2009 0:00,493059,9987,10001
189,1,1,2008/2009,28,4/5/2009 0:00,493060,9985,9993
190,1,1,2008/2009,29,4/12/2009 0:00,493061,8635,8342
191,1,1,2008/2009,29,4/10/2009 0:00,493062,9999,9987
192,1,1,2008/2009,29,4/11/2009 0:00,493063,9993,10000
193,1,1,2008/2009,29,4/11/2009 0:00,493064,9985,9994
194,1,1,2008/2009,29,4/11/2009 0:00,493065,8571,7947
195,1,1,2008/2009,29,4/11/2009 0:00,493066,9998,8203
196,1,1,2008/2009,29,4/11/2009 0:00,493067,9986,9996
197,1,1,2008/2009,29,4/11/2009 0:00,493068,9984,4049
198,1,1,2008/2009,29,4/12/2009 0:00,493069,9991,10001
199,1,1,2008/2009,3,8/30/2008 0:00,492491,8635,8571
200,1,1,2008/2009,3,8/30/2008 0:00,492492,9987,9994
201,1,1,2008/2009,3,8/30/2008 0:00,492493,9984,9998
202,1,1,2008/2009,3,8/31/2008 0:00,492494,9991,9986
203,1,1,2008/2009,3,8/30/2008 0:00,492495,7947,9996
204,1,1,2008/2009,3,8/30/2008 0:00,492496,8203,10000
205,1,1,2008/2009,3,8/31/2008 0:00,492497,9999,9985
206,1,1,2008/2009,3,8/29/2008 0:00,492498,4049,8342
207,1,1,2008/2009,3,8/30/2008 0:00,492499,10001,9993
208,1,1,2008/2009,30,4/19/2009 0:00,493070,10001,8635
209,1,1,2008/2009,30,4/18/2009 0:00,493071,9996,9985
210,1,1,2008/2009,30,4/18/2009 0:00,493072,8342,9998
211,1,1,2008/2009,30,4/18/2009 0:00,493073,4049,9986
212,1,1,2008/2009,30,4/18/2009 0:00,493074,8203,9984
213,1,1,2008/2009,30,4/17/2009 0:00,493075,9987,9991
214,1,1,2008/2009,30,4/19/2009 0:00,493076,7947,9999
215,1,1,2008/2009,30,4/18/2009 0:00,493077,10000,8571
216,1,1,2008/2009,30,4/18/2009 0:00,493078,9994,9993
217,1,1,2008/2009,31,4/24/2009 0:00,493079,9993,8342
218,1,1,2008/2009,31,4/26/2009 0:00,493080,9984,9987
219,1,1,2008/2009,31,4/25/2009 0:00,493081,9986,10000
220,1,1,2008/2009,31,4/26/2009 0:00,493082,9999,9991
221,1,1,2008/2009,31,4/25/2009 0:00,493083,8635,7947
222,1,1,2008/2009,31,4/25/2009 0:00,493084,9985,8203
223,1,1,2008/2009,31,4/25/2009 0:00,493085,9994,9996
224,1,1,2008/2009,31,4/25/2009 0:00,493086,8571,4049
225,1,1,2008/2009,31,4/25/2009 0:00,493087,9998,10001
226,1,1,2008/2009,32,5/3/2009 0:00,493088,4049,8635
227,1,1,2008/2009,32,5/2/2009 0:00,493089,10000,9985
228,1,1,2008/2009,32,5/2/2009 0:00,493090,7947,9998
229,1,1,2008/2009,32,5/2/2009 0:00,493091,8203,9986
230,1,1,2008/2009,32,5/2/2009 0:00,493092,9991,9984
231,1,1,2008/2009,32,5/1/2009 0:00,493093,8342,9994
232,1,1,2008/2009,32,5/2/2009 0:00,493094,10001,9999
233,1,1,2008/2009,32,5/3/2009 0:00,493095,9987,8571
234,1,1,2008/2009,32,5/2/2009 0:00,493096,9996,9993
235,1,1,2008/2009,33,5/9/2009 0:00,493097,9985,8342
236,1,1,2008/2009,33,5/9/2009 0:00,493098,9986,9987
237,1,1,2008/2009,33,5/9/2009 0:00,493099,9996,10000
238,1,1,2008/2009,33,5/9/2009 0:00,493100,8571,9991
239,1,1,2008/2009,33,5/9/2009 0:00,493101,9994,7947
240,1,1,2008/2009,33,5/8/2009 0:00,493102,9993,8203
241,1,1,2008/2009,33,5/9/2009 0:00,493103,8635,9999
242,1,1,2008/2009,33,5/9/2009 0:00,493104,9998,4049
243,1,1,2008/2009,33,5/9/2009 0:00,493105,9984,10001
244,1,1,2008/2009,34,5/16/2009 0:00,493106,9987,8635
245,1,1,2008/2009,34,5/16/2009 0:00,493107,9991,9985
246,1,1,2008/2009,34,5/16/2009 0:00,493108,10000,9998
247,1,1,2008/2009,34,5/16/2009 0:00,493109,7947,9986
248,1,1,2008/2009,34,5/16/2009 0:00,493110,9999,9984
249,1,1,2008/2009,34,5/15/2009 0:00,493111,8203,9994
250,1,1,2008/2009,34,5/16/2009 0:00,493112,8342,9996
251,1,1,2008/2009,34,5/16/2009 0:00,493113,10001,8571
252,1,1,2008/2009,34,5/16/2009 0:00,493114,4049,9993
253,1,1,2008/2009,4,9/13/2008 0:00,492500,8342,7947
254,1,1,2008/2009,4,9/13/2008 0:00,492501,9985,8571
255,1,1,2008/2009,4,9/13/2008 0:00,492502,9998,8635
256,1,1,2008/2009,4,9/14/2008 0:00,492503,10000,9987
257,1,1,2008/2009,4,9/14/2008 0:00,492504,9986,9984
258,1,1,2008/2009,4,9/13/2008 0:00,492506,9994,10001
259,1,1,2008/2009,4,9/13/2008 0:00,492508,8203,4049
260,1,1,2008/2009,4,9/13/2008 0:00,492509,9996,9991
261,1,1,2008/2009,4,9/13/2008 0:00,492511,9993,9999
262,1,1,2008/2009,5,9/19/2008 0:00,492517,8635,9986
263,1,1,2008/2009,5,9/21/2008 0:00,492518,9987,8342
264,1,1,2008/2009,5,9/20/2008 0:00,492519,9984,9993
265,1,1,2008/2009,5,9/20/2008 0:00,492520,9991,8203
266,1,1,2008/2009,5,9/20/2008 0:00,492521,7947,10000
267,1,1,2008/2009,5,9/20/2008 0:00,492522,9999,9994
268,1,1,2008/2009,5,9/20/2008 0:00,492523,8571,9998
269,1,1,2008/2009,5,9/21/2008 0:00,492524,4049,9985
270,1,1,2008/2009,5,9/20/2008 0:00,492525,10001,9996
271,1,1,2008/2009,6,9/27/2008 0:00,492526,8342,10001
272,1,1,2008/2009,6,9/26/2008 0:00,492527,9985,8635
273,1,1,2008/2009,6,9/27/2008 0:00,492528,9998,9999
274,1,1,2008/2009,6,9/27/2008 0:00,492529,10000,4049
275,1,1,2008/2009,6,9/27/2008 0:00,492530,9986,8571
276,1,1,2008/2009,6,9/27/2008 0:00,492531,9994,9984
277,1,1,2008/2009,6,9/29/2008 0:00,492532,8203,7947
278,1,1,2008/2009,6,9/28/2008 0:00,492534,9996,9987
279,1,1,2008/2009,6,9/28/2008 0:00,492535,9993,9991
280,1,1,2008/2009,7,10/3/2008 0:00,492536,8635,9996
281,1,1,2008/2009,7,10/4/2008 0:00,492537,9987,8203
282,1,1,2008/2009,7,10/4/2008 0:00,492538,9998,9986
283,1,1,2008/2009,7,10/5/2008 0:00,492539,9984,9985
284,1,1,2008/2009,7,10/4/2008 0:00,492540,9991,9994
285,1,1,2008/2009,7,10/5/2008 0:00,492541,9999,8342
286,1,1,2008/2009,7,10/4/2008 0:00,492542,8571,9993
287,1,1,2008/2009,7,10/4/2008 0:00,492543,4049,7947
288,1,1,2008/2009,7,10/4/2008 0:00,492544,10001,10000
289,1,1,2008/2009,8,10/19/2008 0:00,492545,8342,9984
290,1,1,2008/2009,8,10/18/2008 0:00,492546,9985,9998
291,1,1,2008/2009,8,10/19/2008 0:00,492547,10000,8635
292,1,1,2008/2009,8,10/18/2008 0:00,492548,9994,8571
293,1,1,2008/2009,8,10/18/2008 0:00,492549,7947,9987
294,1,1,2008/2009,8,10/18/2008 0:00,492550,8203,10001
295,1,1,2008/2009,8,10/18/2008 0:00,492551,9996,9999
296,1,1,2008/2009,8,10/18/2008 0:00,492552,4049,9991
297,1,1,2008/2009,8,10/18/2008 0:00,492553,9993,9986
298,1,1,2008/2009,9,10/25/2008 0:00,492554,8635,8203
299,1,1,2008/2009,9,10/26/2008 0:00,492555,9987,9985
300,1,1,2008/2009,9,10/25/2008 0:00,492556,9998,9993
301,1,1,2008/2009,9,10/25/2008 0:00,492557,9986,9994
302,1,1,2008/2009,9,10/25/2008 0:00,492558,9984,7947
303,1,1,2008/2009,9,10/26/2008 0:00,492559,9991,8342
304,1,1,2008/2009,9,10/25/2008 0:00,492561,9999,10000
305,1,1,2008/2009,9,10/24/2008 0:00,492562,8571,9996
306,1,1,2008/2009,9,10/25/2008 0:00,492563,10001,4049
307,1,1,2009/2010,1,7/31/2009 0:00,665318,9985,9997
308,1,1,2009/2010,1,8/2/2009 0:00,665320,9986,8342
309,1,1,2009/2010,1,8/2/2009 0:00,665321,9984,9991
310,1,1,2009/2010,1,8/1/2009 0:00,665322,9994,10000
311,1,1,2009/2010,1,8/1/2009 0:00,665323,8571,8635
312,1,1,2009/2010,1,8/1/2009 0:00,665324,8203,10001
313,1,1,2009/2010,1,8/1/2009 0:00,665325,9999,9993
314,1,1,2009/2010,10,10/4/2009 0:00,665411,8342,8635
315,1,1,2009/2010,10,10/4/2009 0:00,665412,9985,9987
316,1,1,2009/2010,10,10/3/2009 0:00,665413,9997,10000
317,1,1,2009/2010,10,10/3/2009 0:00,665414,9986,8571
318,1,1,2009/2010,10,10/3/2009 0:00,665417,8203,9994
319,1,1,2009/2010,10,10/3/2009 0:00,665420,9999,9984
320,1,1,2009/2010,10,10/3/2009 0:00,665421,9993,10001
321,1,1,2009/2010,11,10/18/2009 0:00,665425,8342,9991
322,1,1,2009/2010,11,10/17/2009 0:00,665426,8635,9986
323,1,1,2009/2010,11,10/18/2009 0:00,665427,9987,8203
324,1,1,2009/2010,11,10/17/2009 0:00,665429,10000,9993
325,1,1,2009/2010,11,10/17/2009 0:00,665430,9994,9984
326,1,1,2009/2010,11,10/17/2009 0:00,665432,8571,9999
327,1,1,2009/2010,11,10/17/2009 0:00,665435,10001,9985
328,1,1,2009/2010,12,10/24/2009 0:00,665438,9985,10000
329,1,1,2009/2010,12,10/24/2009 0:00,665440,9997,9991
330,1,1,2009/2010,12,10/24/2009 0:00,665442,9986,10001
331,1,1,2009/2010,12,10/24/2009 0:00,665443,9984,8571
332,1,1,2009/2010,12,10/23/2009 0:00,665444,9994,9987
333,1,1,2009/2010,12,10/25/2009 0:00,665445,8203,8635
334,1,1,2009/2010,12,10/25/2009 0:00,665446,9999,8342
335,1,1,2009/2010,13,10/31/2009 0:00,665535,8342,9997
336,1,1,2009/2010,13,10/31/2009 0:00,665536,8635,9994
337,1,1,2009/2010,13,11/2/2009 0:00,665537,9987,9984
338,1,1,2009/2010,13,10/31/2009 0:00,665539,10000,9986
339,1,1,2009/2010,13,11/1/2009 0:00,665541,9991,9993
340,1,1,2009/2010,13,10/31/2009 0:00,665543,8571,8203
341,1,1,2009/2010,13,10/31/2009 0:00,665545,10001,9999
342,1,1,2009/2010,14,11/8/2009 0:00,665548,9985,8342
343,1,1,2009/2010,14,11/8/2009 0:00,665551,9987,8635
344,1,1,2009/2010,14,11/6/2009 0:00,665553,9986,9991
345,1,1,2009/2010,14,11/7/2009 0:00,665554,9984,10001
346,1,1,2009/2010,14,11/7/2009 0:00,665556,9994,8571
347,1,1,2009/2010,14,11/7/2009 0:00,665559,9999,10000
348,1,1,2009/2010,14,11/7/2009 0:00,665561,9993,9997
349,1,1,2009/2010,15,11/21/2009 0:00,665568,8342,9993
350,1,1,2009/2010,15,11/21/2009 0:00,665570,8635,9999
351,1,1,2009/2010,15,11/21/2009 0:00,665571,9997,9984
352,1,1,2009/2010,15,11/22/2009 0:00,665574,10000,8203
353,1,1,2009/2010,15,11/21/2009 0:00,665575,9991,9985
354,1,1,2009/2010,15,11/22/2009 0:00,665577,8571,9987
355,1,1,2009/2010,15,11/21/2009 0:00,665581,10001,9994
356,1,1,2009/2010,16,11/28/2009 0:00,665585,8342,9986
357,1,1,2009/2010,16,11/27/2009 0:00,665586,8635,8571
358,1,1,2009/2010,16,11/29/2009 0:00,665588,9997,9985
359,1,1,2009/2010,16,11/29/2009 0:00,665590,10000,9994
360,1,1,2009/2010,16,11/28/2009 0:00,665591,9991,9984
361,1,1,2009/2010,16,11/28/2009 0:00,665595,10001,8203
362,1,1,2009/2010,16,11/28/2009 0:00,665596,9993,9999
363,1,1,2009/2010,17,12/5/2009 0:00,665598,9985,9993
364,1,1,2009/2010,17,12/5/2009 0:00,665599,9987,10001
365,1,1,2009/2010,17,12/5/2009 0:00,665601,9986,9997
366,1,1,2009/2010,17,12/6/2009 0:00,665603,9984,8635
367,1,1,2009/2010,17,12/6/2009 0:00,665604,9994,8342
368,1,1,2009/2010,17,12/5/2009 0:00,665606,8571,10000
369,1,1,2009/2010,17,12/4/2009 0:00,665607,8203,9991
370,1,1,2009/2010,18,12/12/2009 0:00,665614,8342,8203
371,1,1,2009/2010,18,12/12/2009 0:00,665616,9985,9999
372,1,1,2009/2010,18,12/12/2009 0:00,665617,9997,8571
373,1,1,2009/2010,18,12/13/2009 0:00,665619,10000,9984
374,1,1,2009/2010,18,12/13/2009 0:00,665620,9991,9987
375,1,1,2009/2010,18,12/11/2009 0:00,665622,10001,8635
376,1,1,2009/2010,18,12/12/2009 0:00,665623,9993,9986
377,1,1,2009/2010,19,2/3/2010 0:00,665626,8635,8342
378,1,1,2009/2010,19,12/19/2009 0:00,665628,9987,10000
379,1,1,2009/2010,19,2/4/2010 0:00,665630,9986,9985
380,1,1,2009/2010,19,12/19/2009 0:00,665632,9994,9991
381,1,1,2009/2010,19,12/19/2009 0:00,665633,8571,10001
382,1,1,2009/2010,19,2/2/2010 0:00,665634,8203,9993
383,1,1,2009/2010,19,12/19/2009 0:00,665635,9999,9997
384,1,1,2009/2010,2,8/9/2009 0:00,665326,8342,9994
385,1,1,2009/2010,2,8/8/2009 0:00,665327,8635,9984
386,1,1,2009/2010,2,8/8/2009 0:00,665328,9997,9986
387,1,1,2009/2010,2,8/8/2009 0:00,665329,10000,9987
388,1,1,2009/2010,2,8/9/2009 0:00,665330,9991,8203
389,1,1,2009/2010,2,8/8/2009 0:00,665332,10001,8571
390,1,1,2009/2010,2,8/7/2009 0:00,665333,9993,9985
391,1,1,2009/2010,20,12/26/2009 0:00,665639,8342,9984
392,1,1,2009/2010,20,12/26/2009 0:00,665641,9985,9994
393,1,1,2009/2010,20,12/26/2009 0:00,665642,9997,8203
394,1,1,2009/2010,20,12/27/2009 0:00,665643,10000,10001
395,1,1,2009/2010,20,12/26/2009 0:00,665645,9986,9999
396,1,1,2009/2010,20,12/27/2009 0:00,665647,9991,8635
397,1,1,2009/2010,20,12/26/2009 0:00,665651,9993,9987
398,1,1,2009/2010,21,12/30/2009 0:00,665653,8635,10000
399,1,1,2009/2010,21,12/29/2009 0:00,665654,9987,9997
400,1,1,2009/2010,21,12/29/2009 0:00,665655,9984,9985
401,1,1,2009/2010,21,12/30/2009 0:00,665657,9994,9993
402,1,1,2009/2010,21,12/30/2009 0:00,665659,8571,8342
403,1,1,2009/2010,21,12/30/2009 0:00,665661,8203,9986
404,1,1,2009/2010,21,12/30/2009 0:00,665662,9999,9991
405,1,1,2009/2010,22,1/30/2010 0:00,665665,8342,10001
406,1,1,2009/2010,22,1/17/2010 0:00,665666,9985,8635
407,1,1,2009/2010,22,1/16/2010 0:00,665667,9997,9994
408,1,1,2009/2010,22,1/16/2010 0:00,665668,9986,9987
409,1,1,2009/2010,22,1/15/2010 0:00,665669,9991,8571
410,1,1,2009/2010,22,1/16/2010 0:00,665671,9999,8203
411,1,1,2009/2010,22,1/17/2010 0:00,665672,9993,9984
412,1,1,2009/2010,23,1/24/2010 0:00,665674,9987,8342
413,1,1,2009/2010,23,1/23/2010 0:00,665675,10000,9997
414,1,1,2009/2010,23,2/24/2010 0:00,665677,9984,9986
415,1,1,2009/2010,23,1/23/2010 0:00,665679,9994,9999
416,1,1,2009/2010,23,1/23/2010 0:00,665680,8571,9993
417,1,1,2009/2010,23,1/24/2010 0:00,665681,8203,9985
418,1,1,2009/2010,23,1/23/2010 0:00,665682,10001,9991
419,1,1,2009/2010,24,1/31/2010 0:00,665686,9985,8571
420,1,1,2009/2010,24,2/3/2010 0:00,665687,9997,10001
421,1,1,2009/2010,24,3/10/2010 0:00,665688,9986,9994
422,1,1,2009/2010,24,1/31/2010 0:00,665689,9991,10000
423,1,1,2009/2010,24,1/30/2010 0:00,665692,8203,9984
424,1,1,2009/2010,24,2/24/2010 0:00,665694,9999,9987
425,1,1,2009/2010,24,1/29/2010 0:00,665695,9993,8635
426,1,1,2009/2010,25,2/6/2010 0:00,665698,8635,9997
427,1,1,2009/2010,25,2/7/2010 0:00,665699,9987,9985
428,1,1,2009/2010,25,2/7/2010 0:00,665700,10000,8342
429,1,1,2009/2010,25,2/6/2010 0:00,665702,9984,9999
430,1,1,2009/2010,25,2/6/2010 0:00,665704,9994,8203
431,1,1,2009/2010,25,2/7/2010 0:00,665706,8571,9986
432,1,1,2009/2010,25,2/6/2010 0:00,665710,10001,9993
433,1,1,2009/2010,26,2/14/2010 0:00,665712,9985,10001
434,1,1,2009/2010,26,3/6/2010 0:00,665717,9986,8635
435,1,1,2009/2010,26,3/6/2010 0:00,665719,9984,9994
436,1,1,2009/2010,26,2/14/2010 0:00,665721,9991,8342
437,1,1,2009/2010,26,3/7/2010 0:00,665723,8203,9987
438,1,1,2009/2010,26,2/13/2010 0:00,665725,9999,8571
439,1,1,2009/2010,26,3/7/2010 0:00,665727,9993,10000
440,1,1,2009/2010,27,2/21/2010 0:00,665728,8342,9985
441,1,1,2009/2010,27,2/21/2010 0:00,665729,8635,8203
442,1,1,2009/2010,27,2/19/2010 0:00,665730,9987,9994
443,1,1,2009/2010,27,2/20/2010 0:00,665731,10000,9999
444,1,1,2009/2010,27,2/20/2010 0:00,665732,9991,9997
445,1,1,2009/2010,27,2/20/2010 0:00,665733,8571,9984
446,1,1,2009/2010,27,2/20/2010 0:00,665735,10001,9986
447,1,1,2009/2010,28,2/28/2010 0:00,665737,9997,8342
448,1,1,2009/2010,28,2/28/2010 0:00,665738,9986,10000
449,1,1,2009/2010,28,2/27/2010 0:00,665739,9984,9987
450,1,1,2009/2010,28,2/27/2010 0:00,665740,9994,10001
451,1,1,2009/2010,28,2/27/2010 0:00,665741,8203,8571
452,1,1,2009/2010,28,2/28/2010 0:00,665742,9999,8635
453,1,1,2009/2010,28,2/26/2010 0:00,665743,9993,9991
454,1,1,2009/2010,29,3/14/2010 0:00,665744,8342,9999
455,1,1,2009/2010,29,3/14/2010 0:00,665745,8635,9987
456,1,1,2009/2010,29,3/14/2010 0:00,665746,9997,9993
457,1,1,2009/2010,29,3/14/2010 0:00,665749,10000,9985
458,1,1,2009/2010,29,3/14/2010 0:00,665751,9991,9986
459,1,1,2009/2010,29,3/14/2010 0:00,665753,8571,9994
460,1,1,2009/2010,29,3/14/2010 0:00,665757,10001,9984
461,1,1,2009/2010,3,8/15/2009 0:00,665334,8635,10001
462,1,1,2009/2010,3,8/15/2009 0:00,665335,9987,9991
463,1,1,2009/2010,3,8/16/2009 0:00,665336,9986,9993
464,1,1,2009/2010,3,8/15/2009 0:00,665337,9984,10000
465,1,1,2009/2010,3,8/15/2009 0:00,665338,9994,9997
466,1,1,2009/2010,3,8/15/2009 0:00,665340,8203,8342
467,1,1,2009/2010,3,8/15/2009 0:00,665341,9999,9985
468,1,1,2009/2010,30,3/21/2010 0:00,665761,9985,9991
469,1,1,2009/2010,30,3/21/2010 0:00,665763,9987,8571
470,1,1,2009/2010,30,3/21/2010 0:00,665767,9984,9997
471,1,1,2009/2010,30,3/21/2010 0:00,665769,9994,8635
472,1,1,2009/2010,30,3/21/2010 0:00,665771,8203,10000
473,1,1,2009/2010,30,3/21/2010 0:00,665774,9999,10001
474,1,1,2009/2010,30,3/21/2010 0:00,665775,9993,8342
475,1,1,2009/2010,4,8/23/2009 0:00,665342,8342,8571
476,1,1,2009/2010,4,8/21/2009 0:00,665343,9985,9986
477,1,1,2009/2010,4,8/22/2009 0:00,665344,9997,9999
478,1,1,2009/2010,4,8/22/2009 0:00,665345,10000,8635
479,1,1,2009/2010,4,8/22/2009 0:00,665346,9991,9994
480,1,1,2009/2010,4,8/23/2009 0:00,665348,10001,9987
481,1,1,2009/2010,4,8/22/2009 0:00,665349,9993,8203
482,1,1,2009/2010,5,8/30/2009 0:00,665352,8635,9985
483,1,1,2009/2010,5,8/30/2009 0:00,665353,9987,9993
484,1,1,2009/2010,5,8/30/2009 0:00,665354,9984,8342
485,1,1,2009/2010,5,8/29/2009 0:00,665357,8571,9991
486,1,1,2009/2010,5,8/29/2009 0:00,665358,8203,9997
487,1,1,2009/2010,5,8/29/2009 0:00,665359,9999,9986
488,1,1,2009/2010,5,8/28/2009 0:00,665360,10001,10000
489,1,1,2009/2010,6,9/13/2009 0:00,665361,8342,9987
490,1,1,2009/2010,6,9/12/2009 0:00,665362,9985,8203
491,1,1,2009/2010,6,9/12/2009 0:00,665363,9997,8635
492,1,1,2009/2010,6,9/12/2009 0:00,665364,10000,8571
493,1,1,2009/2010,6,9/12/2009 0:00,665365,9986,9984
494,1,1,2009/2010,6,9/12/2009 0:00,665366,9991,9999
495,1,1,2009/2010,6,9/13/2009 0:00,665368,9993,9994
496,1,1,2009/2010,7,9/20/2009 0:00,665370,8635,9991
497,1,1,2009/2010,7,9/18/2009 0:00,665371,9987,9986
498,1,1,2009/2010,7,9/19/2009 0:00,665374,9984,9993
499,1,1,2009/2010,7,9/19/2009 0:00,665376,9994,9985
500,1,1,2009/2010,7,9/19/2009 0:00,665378,8571,9997
501,1,1,2009/2010,7,9/19/2009 0:00,665379,8203,9999
502,1,1,2009/2010,7,9/20/2009 0:00,665380,10001,8342
503,1,1,2009/2010,8,9/23/2009 0:00,665384,8342,10000
504,1,1,2009/2010,8,9/23/2009 0:00,665385,9985,9984
505,1,1,2009/2010,8,9/22/2009 0:00,665386,9997,9987
506,1,1,2009/2010,8,9/23/2009 0:00,665387,9986,8203
507,1,1,2009/2010,8,9/23/2009 0:00,665389,9991,10001
508,1,1,2009/2010,8,9/23/2009 0:00,665392,9999,9994
509,1,1,2009/2010,8,9/23/2009 0:00,665393,9993,8571
510,1,1,2009/2010,9,9/27/2009 0:00,665396,8635,9993
511,1,1,2009/2010,9,9/26/2009 0:00,665397,9987,9999
512,1,1,2009/2010,9,9/26/2009 0:00,665399,10000,9991
513,1,1,2009/2010,9,9/28/2009 0:00,665402,9984,8203
514,1,1,2009/2010,9,9/26/2009 0:00,665403,9994,9986
515,1,1,2009/2010,9,9/26/2009 0:00,665405,8571,9985
516,1,1,2009/2010,9,9/26/2009 0:00,665409,10001,9997
517,1,1,2010/2011,1,7/31/2010 0:00,838467,9997,9989
518,1,1,2010/2011,1,7/31/2010 0:00,838468,8571,8342
519,1,1,2010/2011,1,7/31/2010 0:00,838469,8203,9994
520,1,1,2010/2011,1,7/31/2010 0:00,838472,10001,9991
521,1,1,2010/2011,1,7/31/2010 0:00,838473,8635,6351
522,1,1,2010/2011,1,7/30/2010 0:00,838474,9985,10000
523,1,1,2010/2011,1,8/1/2010 0:00,838475,9984,9986
524,1,1,2010/2011,1,8/1/2010 0:00,838476,9987,9993
525,1,1,2010/2011,10,10/3/2010 0:00,838581,8342,9991
526,1,1,2010/2011,10,10/3/2010 0:00,838582,9985,8635
527,1,1,2010/2011,10,10/2/2010 0:00,838583,9997,10001
528,1,1,2010/2011,10,10/2/2010 0:00,838584,10000,9986
529,1,1,2010/2011,10,10/2/2010 0:00,838585,9994,9993
530,1,1,2010/2011,10,10/2/2010 0:00,838586,8571,6351
531,1,1,2010/2011,10,10/1/2010 0:00,838587,8203,9987
532,1,1,2010/2011,10,10/2/2010 0:00,838588,9989,9984
533,1,1,2010/2011,11,10/16/2010 0:00,838590,9991,8571
534,1,1,2010/2011,11,10/17/2010 0:00,838591,9987,9985
535,1,1,2010/2011,11,10/16/2010 0:00,838593,9993,9989
536,1,1,2010/2011,11,10/15/2010 0:00,838594,10000,8342
537,1,1,2010/2011,11,10/16/2010 0:00,838595,9986,9994
538,1,1,2010/2011,11,10/16/2010 0:00,838596,6351,9997
539,1,1,2010/2011,11,10/16/2010 0:00,838597,10001,8203
540,1,1,2010/2011,11,10/17/2010 0:00,838598,9984,8635
541,1,1,2010/2011,12,10/24/2010 0:00,838599,8635,10001
542,1,1,2010/2011,12,10/24/2010 0:00,838600,9985,9991
543,1,1,2010/2011,12,10/23/2010 0:00,838602,9997,9986
544,1,1,2010/2011,12,10/24/2010 0:00,838603,9994,8342
545,1,1,2010/2011,12,10/22/2010 0:00,838604,8571,9987
546,1,1,2010/2011,12,10/23/2010 0:00,838605,8203,9993
547,1,1,2010/2011,12,10/23/2010 0:00,838606,9989,10000
548,1,1,2010/2011,12,10/23/2010 0:00,838607,9984,6351
549,1,1,2010/2011,13,10/31/2010 0:00,838621,8342,9985
550,1,1,2010/2011,13,10/30/2010 0:00,838622,9991,8203
551,1,1,2010/2011,13,10/31/2010 0:00,838623,9987,8635
552,1,1,2010/2011,13,10/30/2010 0:00,838624,9993,9997
553,1,1,2010/2011,13,10/30/2010 0:00,838625,10000,9994
554,1,1,2010/2011,13,10/29/2010 0:00,838628,9986,8571
555,1,1,2010/2011,13,10/30/2010 0:00,838630,6351,9989
556,1,1,2010/2011,13,10/30/2010 0:00,838632,10001,9984
557,1,1,2010/2011,14,11/7/2010 0:00,838635,8635,8342
558,1,1,2010/2011,14,11/6/2010 0:00,838636,9985,6351
559,1,1,2010/2011,14,11/6/2010 0:00,838639,9997,10000
560,1,1,2010/2011,14,11/6/2010 0:00,838640,8571,9993
561,1,1,2010/2011,14,11/6/2010 0:00,838641,8203,9986
562,1,1,2010/2011,14,11/6/2010 0:00,838642,9989,9994
563,1,1,2010/2011,14,11/5/2010 0:00,838644,10001,9987
564,1,1,2010/2011,14,11/7/2010 0:00,838646,9984,9991
565,1,1,2010/2011,15,11/13/2010 0:00,838651,8342,9989
566,1,1,2010/2011,15,11/14/2010 0:00,838652,9991,8635
567,1,1,2010/2011,15,11/13/2010 0:00,838654,9987,9984
568,1,1,2010/2011,15,11/13/2010 0:00,838656,9993,9985
569,1,1,2010/2011,15,11/14/2010 0:00,838657,10000,8571
570,1,1,2010/2011,15,11/13/2010 0:00,838658,9986,10001
571,1,1,2010/2011,15,11/13/2010 0:00,838659,9994,9997
572,1,1,2010/2011,15,1/18/2011 0:00,838661,6351,8203
573,1,1,2010/2011,16,11/21/2010 0:00,838664,8342,9984
574,1,1,2010/2011,16,11/20/2010 0:00,838665,9991,10001
575,1,1,2010/2011,16,11/20/2010 0:00,838667,9993,8635
576,1,1,2010/2011,16,11/21/2010 0:00,838669,10000,9985
577,1,1,2010/2011,16,11/20/2010 0:00,838671,9986,9987
578,1,1,2010/2011,16,11/20/2010 0:00,838673,9994,8203
579,1,1,2010/2011,16,11/20/2010 0:00,838675,9989,9997
580,1,1,2010/2011,16,11/20/2010 0:00,838676,6351,8571
581,1,1,2010/2011,17,11/27/2010 0:00,838677,8635,9986
582,1,1,2010/2011,17,11/27/2010 0:00,838679,9985,9989
583,1,1,2010/2011,17,11/26/2010 0:00,838680,9987,9991
584,1,1,2010/2011,17,11/28/2010 0:00,838681,9997,8342
585,1,1,2010/2011,17,1/18/2011 0:00,838684,8571,9994
586,1,1,2010/2011,17,11/28/2010 0:00,838686,8203,10000
587,1,1,2010/2011,17,11/27/2010 0:00,838688,10001,6351
588,1,1,2010/2011,17,11/27/2010 0:00,838689,9984,9993
589,1,1,2010/2011,18,12/5/2010 0:00,838692,8342,10001
590,1,1,2010/2011,18,12/5/2010 0:00,838694,9993,9987
591,1,1,2010/2011,18,12/4/2010 0:00,838695,9997,8571
592,1,1,2010/2011,18,12/5/2010 0:00,838696,10000,8635
593,1,1,2010/2011,18,3/23/2011 0:00,838698,9986,9984
594,1,1,2010/2011,18,12/3/2010 0:00,838699,9994,9985
595,1,1,2010/2011,18,2/15/2011 0:00,838701,9989,8203
596,1,1,2010/2011,18,12/4/2010 0:00,838702,6351,9991
597,1,1,2010/2011,19,12/12/2010 0:00,838707,8635,9994
598,1,1,2010/2011,19,12/11/2010 0:00,838709,9985,9997
599,1,1,2010/2011,19,12/11/2010 0:00,838710,9991,9986
600,1,1,2010/2011,19,12/11/2010 0:00,838712,9987,6351
601,1,1,2010/2011,19,12/12/2010 0:00,838713,8571,9989
602,1,1,2010/2011,19,12/10/2010 0:00,838714,8203,8342
603,1,1,2010/2011,19,12/11/2010 0:00,838716,10001,9993
604,1,1,2010/2011,19,12/11/2010 0:00,838718,9984,10000
605,1,1,2010/2011,2,8/7/2010 0:00,838478,8342,9997
606,1,1,2010/2011,2,8/8/2010 0:00,838479,9991,9987
607,1,1,2010/2011,2,8/8/2010 0:00,838481,9993,9984
608,1,1,2010/2011,2,8/7/2010 0:00,838482,10000,8203
609,1,1,2010/2011,2,8/7/2010 0:00,838484,9986,8635
610,1,1,2010/2011,2,8/7/2010 0:00,838486,9994,8571
611,1,1,2010/2011,2,8/6/2010 0:00,838487,9989,9985
612,1,1,2010/2011,2,8/7/2010 0:00,838489,6351,10001
613,1,1,2010/2011,20,12/19/2010 0:00,838720,8342,8635
614,1,1,2010/2011,20,2/16/2011 0:00,838721,9993,9991
615,1,1,2010/2011,20,2/23/2011 0:00,838723,9997,8203
616,1,1,2010/2011,20,12/18/2010 0:00,838725,10000,10001
617,1,1,2010/2011,20,2/2/2011 0:00,838727,9994,9984
618,1,1,2010/2011,20,12/17/2010 0:00,838728,8571,9985
619,1,1,2010/2011,20,12/18/2010 0:00,838730,9989,9987
620,1,1,2010/2011,20,12/18/2010 0:00,838732,6351,9986
621,1,1,2010/2011,21,12/26/2010 0:00,838733,8635,9989
622,1,1,2010/2011,21,12/26/2010 0:00,838734,9991,8342
623,1,1,2010/2011,21,2/2/2011 0:00,838735,9987,9997
624,1,1,2010/2011,21,2/2/2011 0:00,838736,9986,9993
625,1,1,2010/2011,21,2/2/2011 0:00,838738,8203,8571
626,1,1,2010/2011,21,2/2/2011 0:00,838739,6351,10000
627,1,1,2010/2011,21,2/16/2011 0:00,838741,10001,9994
628,1,1,2010/2011,21,12/26/2010 0:00,838742,9984,9985
629,1,1,2010/2011,22,12/29/2010 0:00,838746,8342,9986
630,1,1,2010/2011,22,2/26/2011 0:00,838748,9985,8203
631,1,1,2010/2011,22,12/29/2010 0:00,838750,9993,6351
632,1,1,2010/2011,22,2/27/2011 0:00,838752,9997,9984
633,1,1,2010/2011,22,12/30/2010 0:00,838753,10000,9991
634,1,1,2010/2011,22,12/30/2010 0:00,838754,9994,9987
635,1,1,2010/2011,22,12/29/2010 0:00,838755,8571,8635
636,1,1,2010/2011,22,12/29/2010 0:00,838757,9989,10001
637,1,1,2010/2011,23,1/23/2011 0:00,838759,8635,9985
638,1,1,2010/2011,23,1/23/2011 0:00,838761,9991,9994
639,1,1,2010/2011,23,1/22/2011 0:00,838764,9987,8571
640,1,1,2010/2011,23,1/22/2011 0:00,838765,9993,10000
641,1,1,2010/2011,23,1/22/2011 0:00,838767,9986,8203
642,1,1,2010/2011,23,1/21/2011 0:00,838768,6351,8342
643,1,1,2010/2011,23,1/22/2011 0:00,838770,10001,9997
644,1,1,2010/2011,23,1/22/2011 0:00,838772,9984,9989
645,1,1,2010/2011,24,1/29/2011 0:00,838773,8342,9993
646,1,1,2010/2011,24,1/29/2011 0:00,838774,9985,10001
647,1,1,2010/2011,24,1/30/2011 0:00,838775,9997,9991
648,1,1,2010/2011,24,1/28/2011 0:00,838777,10000,9987
649,1,1,2010/2011,24,1/29/2011 0:00,838778,9994,6351
650,1,1,2010/2011,24,1/29/2011 0:00,838780,8571,9984
651,1,1,2010/2011,24,1/30/2011 0:00,838781,8203,8635
652,1,1,2010/2011,24,1/29/2011 0:00,838783,9989,9986
653,1,1,2010/2011,25,2/5/2011 0:00,838789,8635,9997
654,1,1,2010/2011,25,2/4/2011 0:00,838790,9991,9989
655,1,1,2010/2011,25,2/6/2011 0:00,838791,9987,8342
656,1,1,2010/2011,25,2/6/2011 0:00,838792,9993,9994
657,1,1,2010/2011,25,2/5/2011 0:00,838794,9986,10000
658,1,1,2010/2011,25,2/6/2011 0:00,838796,6351,9985
659,1,1,2010/2011,25,2/5/2011 0:00,838798,10001,8571
660,1,1,2010/2011,25,2/5/2011 0:00,838800,9984,8203
661,1,1,2010/2011,26,2/12/2011 0:00,838802,8342,10000
662,1,1,2010/2011,26,2/12/2011 0:00,838804,8635,9984
663,1,1,2010/2011,26,2/13/2011 0:00,838806,9985,9987
664,1,1,2010/2011,26,2/12/2011 0:00,838808,9997,6351
665,1,1,2010/2011,26,2/12/2011 0:00,838809,9994,9986
666,1,1,2010/2011,26,2/13/2011 0:00,838810,8571,9991
667,1,1,2010/2011,26,2/12/2011 0:00,838812,8203,10001
668,1,1,2010/2011,26,2/12/2011 0:00,838814,9989,9993
669,1,1,2010/2011,27,2/19/2011 0:00,838815,8342,9994
670,1,1,2010/2011,27,2/20/2011 0:00,838817,9991,9985
671,1,1,2010/2011,27,2/19/2011 0:00,838819,9987,8203
672,1,1,2010/2011,27,2/19/2011 0:00,838820,9993,8571
673,1,1,2010/2011,27,2/19/2011 0:00,838822,10000,9989
674,1,1,2010/2011,27,2/19/2011 0:00,838823,9986,9997
675,1,1,2010/2011,27,2/19/2011 0:00,838825,6351,9984
676,1,1,2010/2011,27,2/20/2011 0:00,838827,10001,8635
677,1,1,2010/2011,28,3/4/2011 0:00,838829,8635,9987
678,1,1,2010/2011,28,3/6/2011 0:00,838830,9985,8342
679,1,1,2010/2011,28,3/5/2011 0:00,838832,9997,9993
680,1,1,2010/2011,28,3/5/2011 0:00,838833,9994,10000
681,1,1,2010/2011,28,3/5/2011 0:00,838835,8571,9986
682,1,1,2010/2011,28,3/5/2011 0:00,838838,8203,9991
683,1,1,2010/2011,28,3/6/2011 0:00,838839,9989,6351
684,1,1,2010/2011,28,3/5/2011 0:00,838841,9984,10001
685,1,1,2010/2011,29,3/12/2011 0:00,838853,8342,8571
686,1,1,2010/2011,29,3/12/2011 0:00,838854,9991,9984
687,1,1,2010/2011,29,3/12/2011 0:00,838855,9987,10001
688,1,1,2010/2011,29,3/12/2011 0:00,838857,9993,8203
689,1,1,2010/2011,29,3/12/2011 0:00,838859,10000,9997
690,1,1,2010/2011,29,3/12/2011 0:00,838861,9986,9985
691,1,1,2010/2011,29,3/12/2011 0:00,838862,9994,9989
692,1,1,2010/2011,29,3/12/2011 0:00,838864,6351,8635
693,1,1,2010/2011,3,8/14/2010 0:00,838491,8635,9993
694,1,1,2010/2011,3,8/14/2010 0:00,838493,9985,9994
695,1,1,2010/2011,3,8/14/2010 0:00,838494,9991,6351
696,1,1,2010/2011,3,8/15/2010 0:00,838495,9987,9986
697,1,1,2010/2011,3,8/14/2010 0:00,838496,8571,9997
698,1,1,2010/2011,3,8/14/2010 0:00,838498,8203,9989
699,1,1,2010/2011,3,8/14/2010 0:00,838499,10001,10000
700,1,1,2010/2011,3,8/15/2010 0:00,838500,9984,8342
701,1,1,2010/2011,30,3/20/2011 0:00,838867,8635,9991
702,1,1,2010/2011,30,3/20/2011 0:00,838869,9985,9993
703,1,1,2010/2011,30,3/20/2011 0:00,838871,9997,9994
704,1,1,2010/2011,30,3/19/2011 0:00,838872,8571,10000
705,1,1,2010/2011,30,3/20/2011 0:00,838873,8203,6351
706,1,1,2010/2011,30,3/20/2011 0:00,838874,9989,8342
707,1,1,2010/2011,30,3/20/2011 0:00,838875,10001,9986
708,1,1,2010/2011,30,3/20/2011 0:00,838876,9984,9987
709,1,1,2010/2011,4,8/22/2010 0:00,838503,8342,8203
710,1,1,2010/2011,4,8/21/2010 0:00,838504,9993,10001
711,1,1,2010/2011,4,8/20/2010 0:00,838506,9997,9985
712,1,1,2010/2011,4,8/21/2010 0:00,838508,10000,9984
713,1,1,2010/2011,4,8/22/2010 0:00,838510,9986,9991
714,1,1,2010/2011,4,8/21/2010 0:00,838511,9994,8635
715,1,1,2010/2011,4,8/21/2010 0:00,838513,9989,8571
716,1,1,2010/2011,4,8/22/2010 0:00,838515,6351,9987
717,1,1,2010/2011,5,8/28/2010 0:00,838517,8635,10000
718,1,1,2010/2011,5,8/28/2010 0:00,838518,9985,8571
719,1,1,2010/2011,5,8/29/2010 0:00,838519,9991,9993
720,1,1,2010/2011,5,8/29/2010 0:00,838520,9987,9989
721,1,1,2010/2011,5,8/28/2010 0:00,838521,9986,6351
722,1,1,2010/2011,5,8/28/2010 0:00,838523,8203,9997
723,1,1,2010/2011,5,8/29/2010 0:00,838524,10001,8342
724,1,1,2010/2011,5,8/28/2010 0:00,838526,9984,9994
725,1,1,2010/2011,6,9/12/2010 0:00,838528,8342,9987
726,1,1,2010/2011,6,9/11/2010 0:00,838529,9985,9984
727,1,1,2010/2011,6,9/11/2010 0:00,838531,9993,9986
728,1,1,2010/2011,6,9/10/2010 0:00,838532,9997,8635
729,1,1,2010/2011,6,9/11/2010 0:00,838534,10000,6351
730,1,1,2010/2011,6,9/12/2010 0:00,838536,9994,10001
731,1,1,2010/2011,6,9/11/2010 0:00,838537,8571,8203
732,1,1,2010/2011,6,9/11/2010 0:00,838539,9989,9991
733,1,1,2010/2011,7,9/19/2010 0:00,838540,8635,8571
734,1,1,2010/2011,7,9/19/2010 0:00,838542,9991,10000
735,1,1,2010/2011,7,9/18/2010 0:00,838543,9987,9994
736,1,1,2010/2011,7,9/19/2010 0:00,838544,9986,8342
737,1,1,2010/2011,7,9/17/2010 0:00,838546,8203,9985
738,1,1,2010/2011,7,9/18/2010 0:00,838547,6351,9993
739,1,1,2010/2011,7,9/18/2010 0:00,838550,10001,9989
740,1,1,2010/2011,7,9/18/2010 0:00,838552,9984,9997
741,1,1,2010/2011,8,9/22/2010 0:00,838555,8342,6351
742,1,1,2010/2011,8,9/22/2010 0:00,838556,9985,9986
743,1,1,2010/2011,8,9/21/2010 0:00,838558,9997,9987
744,1,1,2010/2011,8,9/22/2010 0:00,838560,10000,9993
745,1,1,2010/2011,8,9/22/2010 0:00,838561,9994,9991
746,1,1,2010/2011,8,9/22/2010 0:00,838562,8571,10001
747,1,1,2010/2011,8,9/22/2010 0:00,838563,8203,9984
748,1,1,2010/2011,8,9/22/2010 0:00,838564,9989,8635
749,1,1,2010/2011,9,9/26/2010 0:00,838567,8635,8203
750,1,1,2010/2011,9,9/25/2010 0:00,838568,9991,9997
751,1,1,2010/2011,9,9/25/2010 0:00,838570,9987,10000
752,1,1,2010/2011,9,9/26/2010 0:00,838571,9993,8342
753,1,1,2010/2011,9,9/25/2010 0:00,838573,9986,9989
754,1,1,2010/2011,9,9/25/2010 0:00,838575,6351,9994
755,1,1,2010/2011,9,9/25/2010 0:00,838576,10001,9985
756,1,1,2010/2011,9,9/25/2010 0:00,838578,9984,8571
757,1,1,2011/2012,1,7/29/2011 0:00,1032692,1773,8635
758,1,1,2011/2012,1,7/30/2011 0:00,1032693,9998,9985
759,1,1,2011/2012,1,7/30/2011 0:00,1032694,9987,9993
760,1,1,2011/2012,1,7/30/2011 0:00,1032695,9991,9984
761,1,1,2011/2012,1,7/30/2011 0:00,1032696,9994,10000
762,1,1,2011/2012,1,7/30/2011 0:00,1032697,8571,9989
763,1,1,2011/2012,1,7/30/2011 0:00,1032698,8203,9997
764,1,1,2011/2012,1,7/31/2011 0:00,1032699,8342,10001
765,1,1,2011/2012,10,10/16/2011 0:00,1032764,8342,9991
766,1,1,2011/2012,10,10/16/2011 0:00,1032765,8635,9985
767,1,1,2011/2012,10,10/15/2011 0:00,1032766,9997,9993
768,1,1,2011/2012,10,10/15/2011 0:00,1032767,10000,9989
769,1,1,2011/2012,10,10/15/2011 0:00,1032768,1773,10001
770,1,1,2011/2012,10,10/15/2011 0:00,1032769,9994,9987
771,1,1,2011/2012,10,10/15/2011 0:00,1032770,8203,9984
772,1,1,2011/2012,10,10/15/2011 0:00,1032771,9998,8571
773,1,1,2011/2012,11,10/23/2011 0:00,1032772,9985,10000
774,1,1,2011/2012,11,10/22/2011 0:00,1032773,9987,9998
775,1,1,2011/2012,11,10/22/2011 0:00,1032774,9991,9994
776,1,1,2011/2012,11,10/22/2011 0:00,1032775,9993,8203
777,1,1,2011/2012,11,10/23/2011 0:00,1032776,8571,8342
778,1,1,2011/2012,11,10/22/2011 0:00,1032777,9989,9997
779,1,1,2011/2012,11,10/23/2011 0:00,1032778,10001,8635
780,1,1,2011/2012,11,10/22/2011 0:00,1032779,9984,1773
781,1,1,2011/2012,12,10/29/2011 0:00,1032780,8342,9987
782,1,1,2011/2012,12,10/30/2011 0:00,1032781,8635,9989
783,1,1,2011/2012,12,10/30/2011 0:00,1032782,9997,9985
784,1,1,2011/2012,12,10/29/2011 0:00,1032783,10000,9984
785,1,1,2011/2012,12,10/29/2011 0:00,1032784,1773,9993
786,1,1,2011/2012,12,10/29/2011 0:00,1032785,9994,8571
787,1,1,2011/2012,12,10/29/2011 0:00,1032786,8203,10001
788,1,1,2011/2012,12,10/29/2011 0:00,1032787,9998,9991
789,1,1,2011/2012,13,11/6/2011 0:00,1032788,9985,8342
790,1,1,2011/2012,13,11/5/2011 0:00,1032789,9987,8571
791,1,1,2011/2012,13,11/4/2011 0:00,1032790,9991,8203
792,1,1,2011/2012,13,11/5/2011 0:00,1032791,9993,9998
793,1,1,2011/2012,13,11/5/2011 0:00,1032792,10000,9997
794,1,1,2011/2012,13,11/5/2011 0:00,1032793,9989,1773
795,1,1,2011/2012,13,11/5/2011 0:00,1032794,10001,9994
796,1,1,2011/2012,13,11/6/2011 0:00,1032795,9984,8635
797,1,1,2011/2012,14,11/20/2011 0:00,1032796,8342,9984
798,1,1,2011/2012,14,11/20/2011 0:00,1032797,8635,9997
799,1,1,2011/2012,14,11/19/2011 0:00,1032798,9987,10001
800,1,1,2011/2012,14,11/18/2011 0:00,1032799,1773,9985
801,1,1,2011/2012,14,11/19/2011 0:00,1032800,9994,9993
802,1,1,2011/2012,14,11/19/2011 0:00,1032801,8571,9991
803,1,1,2011/2012,14,11/19/2011 0:00,1032802,8203,10000
804,1,1,2011/2012,14,11/19/2011 0:00,1032803,9998,9989
805,1,1,2011/2012,15,11/25/2011 0:00,1032804,9985,8203
806,1,1,2011/2012,15,11/27/2011 0:00,1032805,9991,9987
807,1,1,2011/2012,15,11/26/2011 0:00,1032806,9993,8571
808,1,1,2011/2012,15,11/26/2011 0:00,1032807,9997,1773
809,1,1,2011/2012,15,11/26/2011 0:00,1032808,10000,8635
810,1,1,2011/2012,15,11/26/2011 0:00,1032809,9989,8342
811,1,1,2011/2012,15,11/26/2011 0:00,1032810,10001,9998
812,1,1,2011/2012,15,11/26/2011 0:00,1032811,9984,9994
813,1,1,2011/2012,16,12/4/2011 0:00,1032812,8635,1773
814,1,1,2011/2012,16,12/4/2011 0:00,1032813,9985,9991
815,1,1,2011/2012,16,12/2/2011 0:00,1032814,9993,9987
816,1,1,2011/2012,16,12/3/2011 0:00,1032815,9997,9998
817,1,1,2011/2012,16,12/3/2011 0:00,1032816,10000,9994
818,1,1,2011/2012,16,12/3/2011 0:00,1032817,9989,8203
819,1,1,2011/2012,16,12/3/2011 0:00,1032818,10001,8342
820,1,1,2011/2012,16,12/3/2011 0:00,1032819,9984,8571
821,1,1,2011/2012,17,12/11/2011 0:00,1032820,8342,9997
822,1,1,2011/2012,17,12/10/2011 0:00,1032821,9987,9989
823,1,1,2011/2012,17,12/10/2011 0:00,1032822,1773,10000
824,1,1,2011/2012,17,12/10/2011 0:00,1032823,9994,9985
825,1,1,2011/2012,17,12/10/2011 0:00,1032824,8571,10001
826,1,1,2011/2012,17,12/9/2011 0:00,1032825,8203,8635
827,1,1,2011/2012,17,12/10/2011 0:00,1032826,9998,9984
828,1,1,2011/2012,17,12/10/2011 0:00,1032827,9991,9993
829,1,1,2011/2012,18,12/18/2011 0:00,1032828,8635,9994
830,1,1,2011/2012,18,12/18/2011 0:00,1032829,9985,9987
831,1,1,2011/2012,18,12/17/2011 0:00,1032830,9997,8203
832,1,1,2011/2012,18,12/17/2011 0:00,1032831,10000,9998
833,1,1,2011/2012,18,12/18/2011 0:00,1032832,1773,8342
834,1,1,2011/2012,18,12/17/2011 0:00,1032833,9989,8571
835,1,1,2011/2012,18,12/17/2011 0:00,1032834,10001,9993
836,1,1,2011/2012,18,12/18/2011 0:00,1032835,9984,9991
837,1,1,2011/2012,19,12/26/2011 0:00,1032836,8342,10000
838,1,1,2011/2012,19,12/26/2011 0:00,1032837,9987,9984
839,1,1,2011/2012,19,12/26/2011 0:00,1032838,9991,10001
840,1,1,2011/2012,19,12/26/2011 0:00,1032839,9993,9989
841,1,1,2011/2012,19,12/26/2011 0:00,1032840,9994,9997
842,1,1,2011/2012,19,12/26/2011 0:00,1032841,8571,9985
843,1,1,2011/2012,19,12/26/2011 0:00,1032842,8203,1773
844,1,1,2011/2012,19,12/27/2011 0:00,1032843,9998,8635
845,1,1,2011/2012,2,8/5/2011 0:00,1032700,8635,8203
846,1,1,2011/2012,2,8/7/2011 0:00,1032701,9985,9994
847,1,1,2011/2012,2,8/6/2011 0:00,1032702,9993,9991
848,1,1,2011/2012,2,8/7/2011 0:00,1032703,9997,8342
849,1,1,2011/2012,2,8/6/2011 0:00,1032704,10000,1773
850,1,1,2011/2012,2,8/6/2011 0:00,1032705,9989,9987
851,1,1,2011/2012,2,8/7/2011 0:00,1032706,10001,8571
852,1,1,2011/2012,2,8/6/2011 0:00,1032707,9984,9998
853,1,1,2011/2012,20,1/15/2012 0:00,1032844,8635,8342
854,1,1,2011/2012,20,1/14/2012 0:00,1032845,9985,9993
855,1,1,2011/2012,20,1/14/2012 0:00,1032846,9997,8571
856,1,1,2011/2012,20,1/15/2012 0:00,1032847,10000,9987
857,1,1,2011/2012,20,1/14/2012 0:00,1032848,1773,9994
858,1,1,2011/2012,20,1/14/2012 0:00,1032849,8203,9998
859,1,1,2011/2012,20,1/14/2012 0:00,1032850,9989,9991
860,1,1,2011/2012,20,1/14/2012 0:00,1032851,9984,10001
861,1,1,2011/2012,21,1/21/2012 0:00,1032852,8342,8203
862,1,1,2011/2012,21,1/20/2012 0:00,1032853,9987,9997
863,1,1,2011/2012,21,1/21/2012 0:00,1032854,9991,10000
864,1,1,2011/2012,21,1/21/2012 0:00,1032855,9993,9984
865,1,1,2011/2012,21,1/21/2012 0:00,1032856,9994,9989
866,1,1,2011/2012,21,1/21/2012 0:00,1032857,8571,8635
867,1,1,2011/2012,21,1/21/2012 0:00,1032858,9998,1773
868,1,1,2011/2012,21,1/22/2012 0:00,1032859,10001,9985
869,1,1,2011/2012,22,1/25/2012 0:00,1032860,8342,9994
870,1,1,2011/2012,22,1/24/2012 0:00,1032861,8635,9991
871,1,1,2011/2012,22,1/26/2012 0:00,1032862,9985,9998
872,1,1,2011/2012,22,1/25/2012 0:00,1032863,9997,10001
873,1,1,2011/2012,22,1/25/2012 0:00,1032864,1773,8571
874,1,1,2011/2012,22,1/25/2012 0:00,1032865,8203,9987
875,1,1,2011/2012,22,1/25/2012 0:00,1032866,9989,9984
876,1,1,2011/2012,22,1/25/2012 0:00,1032867,10000,9993
877,1,1,2011/2012,23,1/28/2012 0:00,1032868,9987,1773
878,1,1,2011/2012,23,1/28/2012 0:00,1032869,9991,9997
879,1,1,2011/2012,23,1/28/2012 0:00,1032870,9993,8635
880,1,1,2011/2012,23,1/28/2012 0:00,1032871,9994,8203
881,1,1,2011/2012,23,1/28/2012 0:00,1032872,8571,10000
882,1,1,2011/2012,23,1/29/2012 0:00,1032873,9998,8342
883,1,1,2011/2012,23,1/28/2012 0:00,1032874,10001,9989
884,1,1,2011/2012,23,1/29/2012 0:00,1032875,9984,9985
885,1,1,2011/2012,24,2/5/2012 0:00,1032876,8342,9993
886,1,1,2011/2012,24,2/5/2012 0:00,1032877,8635,9987
887,1,1,2011/2012,24,2/4/2012 0:00,1032878,9997,9984
888,1,1,2011/2012,24,2/4/2012 0:00,1032879,10000,10001
889,1,1,2011/2012,24,2/4/2012 0:00,1032881,9994,9998
890,1,1,2011/2012,24,2/4/2012 0:00,1032882,8203,8571
891,1,1,2011/2012,24,2/4/2012 0:00,1032883,9989,9985
892,1,1,2011/2012,24,2/4/2012 0:00,1032884,1773,9991
893,1,1,2011/2012,25,2/12/2012 0:00,1032885,9985,8635
894,1,1,2011/2012,25,2/11/2012 0:00,1032886,9987,9994
895,1,1,2011/2012,25,2/12/2012 0:00,1032887,9991,8342
896,1,1,2011/2012,25,2/11/2012 0:00,1032888,9993,9997
897,1,1,2011/2012,25,2/11/2012 0:00,1032889,8571,9998
898,1,1,2011/2012,25,2/11/2012 0:00,1032890,9989,10000
899,1,1,2011/2012,25,2/11/2012 0:00,1032891,10001,1773
900,1,1,2011/2012,25,2/11/2012 0:00,1032892,9984,8203
901,1,1,2011/2012,26,2/19/2012 0:00,1032893,8342,8571
902,1,1,2011/2012,26,2/19/2012 0:00,1032894,8635,10001
903,1,1,2011/2012,26,2/18/2012 0:00,1032895,9997,9989
904,1,1,2011/2012,26,2/19/2012 0:00,1032896,10000,9985
905,1,1,2011/2012,26,2/18/2012 0:00,1032897,1773,9984
906,1,1,2011/2012,26,2/18/2012 0:00,1032898,9994,9991
907,1,1,2011/2012,26,2/18/2012 0:00,1032899,8203,9993
908,1,1,2011/2012,26,2/18/2012 0:00,1032900,9998,9987
909,1,1,2011/2012,27,2/26/2012 0:00,1032901,9985,9997
910,1,1,2011/2012,27,2/26/2012 0:00,1032902,9987,8342
911,1,1,2011/2012,27,2/25/2012 0:00,1032903,9993,1773
912,1,1,2011/2012,27,2/25/2012 0:00,1032904,8571,9994
913,1,1,2011/2012,27,2/26/2012 0:00,1032905,9989,8635
914,1,1,2011/2012,27,2/25/2012 0:00,1032906,10001,8203
915,1,1,2011/2012,27,2/25/2012 0:00,1032907,9984,10000
916,1,1,2011/2012,27,2/25/2012 0:00,1032908,9991,9998
917,1,1,2011/2012,28,3/4/2012 0:00,1032909,8342,9985
918,1,1,2011/2012,28,3/4/2012 0:00,1032910,8635,9984
919,1,1,2011/2012,28,3/3/2012 0:00,1032911,9997,10000
920,1,1,2011/2012,28,3/3/2012 0:00,1032912,1773,9989
921,1,1,2011/2012,28,3/3/2012 0:00,1032913,9994,10001
922,1,1,2011/2012,28,3/3/2012 0:00,1032914,8571,9987
923,1,1,2011/2012,28,3/3/2012 0:00,1032915,8203,9991
924,1,1,2011/2012,28,3/3/2012 0:00,1032916,9998,9993
925,1,1,2011/2012,29,3/18/2012 0:00,1032917,9985,1773
926,1,1,2011/2012,29,3/18/2012 0:00,1032918,9991,8571
927,1,1,2011/2012,29,3/18/2012 0:00,1032919,9993,9994
928,1,1,2011/2012,29,3/18/2012 0:00,1032920,9997,8635
929,1,1,2011/2012,29,3/18/2012 0:00,1032921,10000,8203
930,1,1,2011/2012,29,3/18/2012 0:00,1032922,9989,9998
931,1,1,2011/2012,29,3/18/2012 0:00,1032923,10001,9987
932,1,1,2011/2012,29,3/18/2012 0:00,1032924,9984,8342
933,1,1,2011/2012,3,8/13/2011 0:00,1032708,8342,1773
934,1,1,2011/2012,3,8/13/2011 0:00,1032709,9987,10000
935,1,1,2011/2012,3,8/13/2011 0:00,1032710,9991,9985
936,1,1,2011/2012,3,8/13/2011 0:00,1032711,9993,10001
937,1,1,2011/2012,3,8/14/2011 0:00,1032712,9994,8635
938,1,1,2011/2012,3,8/13/2011 0:00,1032713,8571,9984
939,1,1,2011/2012,3,8/14/2011 0:00,1032714,8203,9989
940,1,1,2011/2012,3,8/13/2011 0:00,1032715,9998,9997
941,1,1,2011/2012,30,3/21/2012 0:00,1032925,8342,9989
942,1,1,2011/2012,30,3/21/2012 0:00,1032926,8635,10000
943,1,1,2011/2012,30,3/21/2012 0:00,1032927,9987,9991
944,1,1,2011/2012,30,3/21/2012 0:00,1032928,1773,9997
945,1,1,2011/2012,30,3/21/2012 0:00,1032929,9994,9984
946,1,1,2011/2012,30,3/21/2012 0:00,1032930,8571,9993
947,1,1,2011/2012,30,3/21/2012 0:00,1032931,8203,9985
948,1,1,2011/2012,30,3/21/2012 0:00,1032932,9998,10001
949,1,1,2011/2012,4,8/21/2011 0:00,1032716,9985,8571
950,1,1,2011/2012,4,8/20/2011 0:00,1032717,9997,9994
951,1,1,2011/2012,4,8/21/2011 0:00,1032718,10000,8342
952,1,1,2011/2012,4,8/20/2011 0:00,1032719,1773,8203
953,1,1,2011/2012,4,8/19/2011 0:00,1032720,9989,9993
954,1,1,2011/2012,4,8/20/2011 0:00,1032721,10001,9991
955,1,1,2011/2012,4,8/20/2011 0:00,1032722,9984,9987
956,1,1,2011/2012,4,8/21/2011 0:00,1032723,8635,9998
957,1,1,2011/2012,5,8/28/2011 0:00,1032724,8342,8635
958,1,1,2011/2012,5,8/27/2011 0:00,1032725,9987,8203
959,1,1,2011/2012,5,8/27/2011 0:00,1032726,9991,9989
960,1,1,2011/2012,5,8/28/2011 0:00,1032727,9993,9985
961,1,1,2011/2012,5,8/27/2011 0:00,1032728,9994,1773
962,1,1,2011/2012,5,8/27/2011 0:00,1032729,8571,9997
963,1,1,2011/2012,5,8/27/2011 0:00,1032730,9998,10000
964,1,1,2011/2012,5,8/27/2011 0:00,1032731,10001,9984
965,1,1,2011/2012,6,9/11/2011 0:00,1032732,8635,8571
966,1,1,2011/2012,6,9/10/2011 0:00,1032733,9985,10001
967,1,1,2011/2012,6,9/9/2011 0:00,1032734,9997,9987
968,1,1,2011/2012,6,9/11/2011 0:00,1032735,10000,9991
969,1,1,2011/2012,6,9/10/2011 0:00,1032736,1773,9998
970,1,1,2011/2012,6,9/11/2011 0:00,1032737,8203,8342
971,1,1,2011/2012,6,9/10/2011 0:00,1032738,9984,9993
972,1,1,2011/2012,6,9/10/2011 0:00,1032739,9989,9994
973,1,1,2011/2012,7,9/18/2011 0:00,1032740,9987,9985
974,1,1,2011/2012,7,9/18/2011 0:00,1032741,9991,8635
975,1,1,2011/2012,7,9/17/2011 0:00,1032742,9993,10000
976,1,1,2011/2012,7,9/18/2011 0:00,1032743,9994,8342
977,1,1,2011/2012,7,9/17/2011 0:00,1032744,8571,1773
978,1,1,2011/2012,7,9/17/2011 0:00,1032745,9998,8203
979,1,1,2011/2012,7,9/17/2011 0:00,1032746,10001,9997
980,1,1,2011/2012,7,9/17/2011 0:00,1032747,9984,9989
981,1,1,2011/2012,8,9/24/2011 0:00,1032748,8342,9998
982,1,1,2011/2012,8,9/25/2011 0:00,1032749,8635,9993
983,1,1,2011/2012,8,9/25/2011 0:00,1032750,9985,9984
984,1,1,2011/2012,8,9/24/2011 0:00,1032751,9997,9991
985,1,1,2011/2012,8,9/24/2011 0:00,1032752,10000,8571
986,1,1,2011/2012,8,9/24/2011 0:00,1032753,1773,9987
987,1,1,2011/2012,8,9/24/2011 0:00,1032754,8203,9994
988,1,1,2011/2012,8,9/24/2011 0:00,1032755,9989,10001
989,1,1,2011/2012,9,10/2/2011 0:00,1032756,9985,9989
990,1,1,2011/2012,9,10/2/2011 0:00,1032757,9987,8635
991,1,1,2011/2012,9,10/1/2011 0:00,1032758,9991,1773
992,1,1,2011/2012,9,10/2/2011 0:00,1032759,9993,8342
993,1,1,2011/2012,9,10/1/2011 0:00,1032760,8571,8203
994,1,1,2011/2012,9,10/1/2011 0:00,1032761,9998,9994
995,1,1,2011/2012,9,10/1/2011 0:00,1032762,10001,10000
996,1,1,2011/2012,9,10/1/2011 0:00,1032763,9984,9997
997,1,1,2012/2013,1,7/28/2012 0:00,1223976,8571,8635
998,1,1,2012/2013,1,7/28/2012 0:00,1223977,9993,9994
999,1,1,2012/2013,1,7/28/2012 0:00,1223980,9998,1773
1000,1,1,2012/2013,1,7/29/2012 0:00,1223981,9985,10000
1001,1,1,2012/2013,1,7/28/2012 0:00,1223982,8203,9986
1002,1,1,2012/2013,1,7/28/2012 0:00,1223983,8342,8475
1003,1,1,2012/2013,1,7/29/2012 0:00,1223984,9991,9989
1004,1,1,2012/2013,1,7/29/2012 0:00,1223985,9987,9984
1005,1,1,2012/2013,10,10/7/2012 0:00,1224055,8342,9987
1006,1,1,2012/2013,10,10/7/2012 0:00,1224056,9985,8635
1007,1,1,2012/2013,10,10/5/2012 0:00,1224057,9993,9991
1008,1,1,2012/2013,10,10/6/2012 0:00,1224058,9986,1773
1009,1,1,2012/2013,10,10/6/2012 0:00,1224059,10000,9984
1010,1,1,2012/2013,10,10/6/2012 0:00,1224060,9994,9989
1011,1,1,2012/2013,10,10/6/2012 0:00,1224061,8203,8571
1012,1,1,2012/2013,10,10/6/2012 0:00,1224062,8475,9998
1013,1,1,2012/2013,11,10/19/2012 0:00,1224063,8635,8475
1014,1,1,2012/2013,11,10/20/2012 0:00,1224064,9987,9993
1015,1,1,2012/2013,11,10/20/2012 0:00,1224065,9991,8571
1016,1,1,2012/2013,11,10/20/2012 0:00,1224066,10000,9994
1017,1,1,2012/2013,11,10/20/2012 0:00,1224067,1773,8342
1018,1,1,2012/2013,11,10/20/2012 0:00,1224068,9989,9986
1019,1,1,2012/2013,11,10/21/2012 0:00,1224069,9998,9985
1020,1,1,2012/2013,11,10/20/2012 0:00,1224070,9984,8203
1021,1,1,2012/2013,12,10/28/2012 0:00,1224071,8342,9994
1022,1,1,2012/2013,12,10/26/2012 0:00,1224072,9985,9984
1023,1,1,2012/2013,12,10/27/2012 0:00,1224073,9991,9998
1024,1,1,2012/2013,12,10/27/2012 0:00,1224074,9993,1773
1025,1,1,2012/2013,12,10/27/2012 0:00,1224075,9986,8635
1026,1,1,2012/2013,12,10/28/2012 0:00,1224076,8571,9987
1027,1,1,2012/2013,12,10/27/2012 0:00,1224077,8203,9989
1028,1,1,2012/2013,12,10/27/2012 0:00,1224078,8475,10000
1029,1,1,2012/2013,13,10/30/2012 0:00,1224079,8635,9991
1030,1,1,2012/2013,13,10/31/2012 0:00,1224080,9987,9985
1031,1,1,2012/2013,13,10/31/2012 0:00,1224081,10000,9986
1032,1,1,2012/2013,13,10/31/2012 0:00,1224082,1773,8203
1033,1,1,2012/2013,13,10/31/2012 0:00,1224083,9994,8475
1034,1,1,2012/2013,13,10/31/2012 0:00,1224084,9989,8342
1035,1,1,2012/2013,13,10/31/2012 0:00,1224085,9998,8571
1036,1,1,2012/2013,13,10/31/2012 0:00,1224086,9984,9993
1037,1,1,2012/2013,14,11/4/2012 0:00,1224087,8342,10000
1038,1,1,2012/2013,14,11/4/2012 0:00,1224088,9985,1773
1039,1,1,2012/2013,14,11/3/2012 0:00,1224089,9991,9987
1040,1,1,2012/2013,14,11/3/2012 0:00,1224090,9993,8475
1041,1,1,2012/2013,14,11/3/2012 0:00,1224091,9986,9994
1042,1,1,2012/2013,14,11/3/2012 0:00,1224092,8571,9989
1043,1,1,2012/2013,14,11/3/2012 0:00,1224093,8203,8635
1044,1,1,2012/2013,14,11/3/2012 0:00,1224094,9998,9984
1045,1,1,2012/2013,15,11/11/2012 0:00,1224095,8635,8342
1046,1,1,2012/2013,15,11/11/2012 0:00,1224096,9987,9998
1047,1,1,2012/2013,15,11/10/2012 0:00,1224097,10000,8203
1048,1,1,2012/2013,15,11/10/2012 0:00,1224098,1773,8571
1049,1,1,2012/2013,15,11/9/2012 0:00,1224099,9994,9985
1050,1,1,2012/2013,15,11/10/2012 0:00,1224100,9989,9993
1051,1,1,2012/2013,15,11/10/2012 0:00,1224101,8475,9986
1052,1,1,2012/2013,15,11/10/2012 0:00,1224102,9984,9991
1053,1,1,2012/2013,16,11/18/2012 0:00,1224103,8635,8571
1054,1,1,2012/2013,16,11/17/2012 0:00,1224104,9986,8203
1055,1,1,2012/2013,16,11/18/2012 0:00,1224105,10000,9985
1056,1,1,2012/2013,16,11/17/2012 0:00,1224106,1773,9998
1057,1,1,2012/2013,16,11/18/2012 0:00,1224107,9994,9993
1058,1,1,2012/2013,16,11/17/2012 0:00,1224108,9989,9991
1059,1,1,2012/2013,16,11/17/2012 0:00,1224109,8475,8342
1060,1,1,2012/2013,16,11/17/2012 0:00,1224110,9984,9987
1061,1,1,2012/2013,17,11/25/2012 0:00,1224111,8342,9986
1062,1,1,2012/2013,17,11/23/2012 0:00,1224112,9985,9989
1063,1,1,2012/2013,17,11/25/2012 0:00,1224113,9987,1773
1064,1,1,2012/2013,17,11/24/2012 0:00,1224114,9991,10000
1065,1,1,2012/2013,17,11/24/2012 0:00,1224115,9993,8635
1066,1,1,2012/2013,17,11/24/2012 0:00,1224116,8571,9984
1067,1,1,2012/2013,17,11/24/2012 0:00,1224117,8203,8475
1068,1,1,2012/2013,17,11/24/2012 0:00,1224118,9998,9994
1069,1,1,2012/2013,18,12/1/2012 0:00,1224119,8342,8203
1070,1,1,2012/2013,18,12/1/2012 0:00,1224120,8635,9984
1071,1,1,2012/2013,18,12/1/2012 0:00,1224121,9986,8571
1072,1,1,2012/2013,18,12/1/2012 0:00,1224122,10000,9993
1073,1,1,2012/2013,18,12/1/2012 0:00,1224123,1773,9991
1074,1,1,2012/2013,18,12/2/2012 0:00,1224124,9994,9987
1075,1,1,2012/2013,18,12/1/2012 0:00,1224125,9989,9998
1076,1,1,2012/2013,18,12/2/2012 0:00,1224126,8475,9985
1077,1,1,2012/2013,19,12/7/2012 0:00,1224127,9985,9986
1078,1,1,2012/2013,19,12/9/2012 0:00,1224128,9987,9989
1079,1,1,2012/2013,19,12/8/2012 0:00,1224129,9991,8475
1080,1,1,2012/2013,19,12/9/2012 0:00,1224130,9993,8342
1081,1,1,2012/2013,19,12/8/2012 0:00,1224131,8571,10000
1082,1,1,2012/2013,19,12/8/2012 0:00,1224132,8203,9994
1083,1,1,2012/2013,19,12/8/2012 0:00,1224133,9998,8635
1084,1,1,2012/2013,19,12/8/2012 0:00,1224134,9984,1773
1085,1,1,2012/2013,2,8/4/2012 0:00,1223991,8635,9993
1086,1,1,2012/2013,2,8/4/2012 0:00,1223992,9986,8342
1087,1,1,2012/2013,2,8/5/2012 0:00,1223993,10000,9991
1088,1,1,2012/2013,2,8/5/2012 0:00,1223994,1773,9987
1089,1,1,2012/2013,2,8/4/2012 0:00,1223995,9994,9998
1090,1,1,2012/2013,2,8/3/2012 0:00,1223996,9989,9985
1091,1,1,2012/2013,2,8/4/2012 0:00,1223997,8475,8203
1092,1,1,2012/2013,2,8/4/2012 0:00,1223998,9984,8571
1093,1,1,2012/2013,20,12/15/2012 0:00,1224135,8342,9998
1094,1,1,2012/2013,20,12/16/2012 0:00,1224136,8635,1773
1095,1,1,2012/2013,20,12/15/2012 0:00,1224137,9986,9993
1096,1,1,2012/2013,20,12/16/2012 0:00,1224138,10000,9987
1097,1,1,2012/2013,20,12/15/2012 0:00,1224139,9994,9991
1098,1,1,2012/2013,20,12/15/2012 0:00,1224140,8203,9985
1099,1,1,2012/2013,20,12/15/2012 0:00,1224141,9989,9984
1100,1,1,2012/2013,20,12/15/2012 0:00,1224142,8475,8571
1101,1,1,2012/2013,21,12/23/2012 0:00,1224143,9985,8342
1102,1,1,2012/2013,21,12/23/2012 0:00,1224144,9987,8635
1103,1,1,2012/2013,21,12/22/2012 0:00,1224145,9991,9986
1104,1,1,2012/2013,21,12/22/2012 0:00,1224146,9993,8203
1105,1,1,2012/2013,21,12/22/2012 0:00,1224147,1773,9989
1106,1,1,2012/2013,21,12/21/2012 0:00,1224148,8571,9994
1107,1,1,2012/2013,21,12/22/2012 0:00,1224149,9998,10000
1108,1,1,2012/2013,21,12/22/2012 0:00,1224150,9984,8475
1109,1,1,2012/2013,22,12/26/2012 0:00,1224151,8342,8571
1110,1,1,2012/2013,22,12/27/2012 0:00,1224152,8635,9989
1111,1,1,2012/2013,22,12/27/2012 0:00,1224153,9985,9993
1112,1,1,2012/2013,22,12/26/2012 0:00,1224154,9986,9998
1113,1,1,2012/2013,22,12/26/2012 0:00,1224155,10000,1773
1114,1,1,2012/2013,22,12/26/2012 0:00,1224156,9994,9984
1115,1,1,2012/2013,22,12/26/2012 0:00,1224157,8203,9991
1116,1,1,2012/2013,22,12/26/2012 0:00,1224158,8475,9987
1117,1,1,2012/2013,23,2/27/2013 0:00,1224159,8635,10000
1118,1,1,2012/2013,23,1/19/2013 0:00,1224160,9987,9986
1119,1,1,2012/2013,23,1/19/2013 0:00,1224161,9991,9985
1120,1,1,2012/2013,23,1/19/2013 0:00,1224162,1773,9994
1121,1,1,2012/2013,23,1/19/2013 0:00,1224163,8571,9993
1122,1,1,2012/2013,23,1/19/2013 0:00,1224164,9989,8475
1123,1,1,2012/2013,23,1/19/2013 0:00,1224165,9998,8203
1124,1,1,2012/2013,23,2/28/2013 0:00,1224166,9984,8342
1125,1,1,2012/2013,24,1/27/2013 0:00,1224167,8342,9991
1126,1,1,2012/2013,24,1/25/2013 0:00,1224168,9985,8571
1127,1,1,2012/2013,24,1/26/2013 0:00,1224169,9993,9998
1128,1,1,2012/2013,24,2/20/2013 0:00,1224170,9986,9984
1129,1,1,2012/2013,24,1/26/2013 0:00,1224171,10000,9989
1130,1,1,2012/2013,24,1/26/2013 0:00,1224172,9994,8635
1131,1,1,2012/2013,24,1/26/2013 0:00,1224173,8203,9987
1132,1,1,2012/2013,24,1/26/2013 0:00,1224174,8475,1773
1133,1,1,2012/2013,25,2/3/2013 0:00,1224175,8635,9985
1134,1,1,2012/2013,25,2/3/2013 0:00,1224176,9987,8342
1135,1,1,2012/2013,25,2/2/2013 0:00,1224177,9991,9993
1136,1,1,2012/2013,25,2/2/2013 0:00,1224178,1773,9986
1137,1,1,2012/2013,25,2/2/2013 0:00,1224179,8571,8203
1138,1,1,2012/2013,25,2/2/2013 0:00,1224180,9989,9994
1139,1,1,2012/2013,25,2/2/2013 0:00,1224181,9998,8475
1140,1,1,2012/2013,25,2/2/2013 0:00,1224182,9984,10000
1141,1,1,2012/2013,26,2/9/2013 0:00,1224183,8342,1773
1142,1,1,2012/2013,26,2/10/2013 0:00,1224184,9985,9998
1143,1,1,2012/2013,26,2/9/2013 0:00,1224185,9993,9987
1144,1,1,2012/2013,26,2/9/2013 0:00,1224186,9986,9989
1145,1,1,2012/2013,26,2/9/2013 0:00,1224187,9994,10000
1146,1,1,2012/2013,26,2/9/2013 0:00,1224188,8571,9991
1147,1,1,2012/2013,26,2/9/2013 0:00,1224189,8203,9984
1148,1,1,2012/2013,26,2/10/2013 0:00,1224190,8475,8635
1149,1,1,2012/2013,27,2/15/2013 0:00,1224191,8635,9986
1150,1,1,2012/2013,27,2/17/2013 0:00,1224192,9987,8571
1151,1,1,2012/2013,27,2/16/2013 0:00,1224193,10000,8475
1152,1,1,2012/2013,27,2/16/2013 0:00,1224194,1773,9993
1153,1,1,2012/2013,27,2/17/2013 0:00,1224195,9994,8342
1154,1,1,2012/2013,27,2/16/2013 0:00,1224196,9989,8203
1155,1,1,2012/2013,27,2/16/2013 0:00,1224197,9998,9991
1156,1,1,2012/2013,27,2/16/2013 0:00,1224198,9984,9985
1157,1,1,2012/2013,28,2/24/2013 0:00,1224199,8342,8635
1158,1,1,2012/2013,28,2/24/2013 0:00,1224200,9985,9987
1159,1,1,2012/2013,28,2/23/2013 0:00,1224201,9991,9984
1160,1,1,2012/2013,28,2/23/2013 0:00,1224202,9993,9989
1161,1,1,2012/2013,28,3/3/2013 0:00,1224203,9986,10000
1162,1,1,2012/2013,28,2/23/2013 0:00,1224204,8571,9998
1163,1,1,2012/2013,28,2/23/2013 0:00,1224205,8203,1773
1164,1,1,2012/2013,28,2/23/2013 0:00,1224206,8475,9994
1165,1,1,2012/2013,29,3/9/2013 0:00,1224207,8635,8203
1166,1,1,2012/2013,29,3/9/2013 0:00,1224208,9987,9991
1167,1,1,2012/2013,29,3/9/2013 0:00,1224209,10000,8342
1168,1,1,2012/2013,29,3/9/2013 0:00,1224210,1773,9985
1169,1,1,2012/2013,29,3/9/2013 0:00,1224211,9994,9986
1170,1,1,2012/2013,29,3/9/2013 0:00,1224212,9989,8571
1171,1,1,2012/2013,29,3/9/2013 0:00,1224213,8475,9993
1172,1,1,2012/2013,29,3/9/2013 0:00,1224214,9984,9998
1173,1,1,2012/2013,3,8/10/2012 0:00,1223999,9985,8475
1174,1,1,2012/2013,3,8/12/2012 0:00,1224000,9987,9994
1175,1,1,2012/2013,3,8/12/2012 0:00,1224001,9991,1773
1176,1,1,2012/2013,3,8/11/2012 0:00,1224002,9993,10000
1177,1,1,2012/2013,3,8/11/2012 0:00,1224003,8571,9986
1178,1,1,2012/2013,3,8/11/2012 0:00,1224004,8203,8342
1179,1,1,2012/2013,3,8/11/2012 0:00,1224005,9998,9989
1180,1,1,2012/2013,3,8/12/2012 0:00,1224006,9984,8635
1181,1,1,2012/2013,30,3/16/2013 0:00,1224215,8342,9989
1182,1,1,2012/2013,30,3/16/2013 0:00,1224216,9985,9994
1183,1,1,2012/2013,30,3/16/2013 0:00,1224217,9991,8635
1184,1,1,2012/2013,30,3/16/2013 0:00,1224218,9993,9984
1185,1,1,2012/2013,30,3/16/2013 0:00,1224219,9986,8475
1186,1,1,2012/2013,30,3/16/2013 0:00,1224220,8571,1773
1187,1,1,2012/2013,30,3/16/2013 0:00,1224221,8203,10000
1188,1,1,2012/2013,30,3/16/2013 0:00,1224222,9998,9987
1189,1,1,2012/2013,4,8/18/2012 0:00,1224007,8342,9993
1190,1,1,2012/2013,4,8/18/2012 0:00,1224008,8635,9998
1191,1,1,2012/2013,4,8/19/2012 0:00,1224009,9986,9985
1192,1,1,2012/2013,4,8/18/2012 0:00,1224010,10000,8571
1193,1,1,2012/2013,4,8/18/2012 0:00,1224011,1773,9984
1194,1,1,2012/2013,4,8/18/2012 0:00,1224012,9994,8203
1195,1,1,2012/2013,4,8/18/2012 0:00,1224013,9989,9987
1196,1,1,2012/2013,4,8/18/2012 0:00,1224014,8475,9991
1197,1,1,2012/2013,5,8/26/2012 0:00,1224015,9985,8203
1198,1,1,2012/2013,5,8/26/2012 0:00,1224016,9987,10000
1199,1,1,2012/2013,5,8/26/2012 0:00,1224017,9991,9994
1200,1,1,2012/2013,5,8/25/2012 0:00,1224018,9993,9986
1201,1,1,2012/2013,5,8/25/2012 0:00,1224019,1773,8635
1202,1,1,2012/2013,5,8/25/2012 0:00,1224020,8571,8475
1203,1,1,2012/2013,5,8/26/2012 0:00,1224021,9998,8342
1204,1,1,2012/2013,5,8/25/2012 0:00,1224022,9984,9989
1205,1,1,2012/2013,6,9/2/2012 0:00,1224023,8342,9985
1206,1,1,2012/2013,6,9/2/2012 0:00,1224024,8635,9987
1207,1,1,2012/2013,6,9/1/2012 0:00,1224025,9986,9991
1208,1,1,2012/2013,6,9/1/2012 0:00,1224026,10000,9998
1209,1,1,2012/2013,6,9/2/2012 0:00,1224027,9994,8571
1210,1,1,2012/2013,6,9/1/2012 0:00,1224028,8203,9993
1211,1,1,2012/2013,6,9/1/2012 0:00,1224029,9989,1773
1212,1,1,2012/2013,6,9/1/2012 0:00,1224030,8475,9984
1213,1,1,2012/2013,7,9/15/2012 0:00,1224031,9987,8475
1214,1,1,2012/2013,7,9/15/2012 0:00,1224032,9991,8203
1215,1,1,2012/2013,7,9/16/2012 0:00,1224033,9993,9985
1216,1,1,2012/2013,7,9/15/2012 0:00,1224034,1773,10000
1217,1,1,2012/2013,7,9/14/2012 0:00,1224035,8571,8342
1218,1,1,2012/2013,7,9/15/2012 0:00,1224036,9989,8635
1219,1,1,2012/2013,7,9/15/2012 0:00,1224037,9998,9986
1220,1,1,2012/2013,7,9/15/2012 0:00,1224038,9984,9994
1221,1,1,2012/2013,8,9/23/2012 0:00,1224039,8342,9984
1222,1,1,2012/2013,8,9/21/2012 0:00,1224040,9985,9991
1223,1,1,2012/2013,8,9/22/2012 0:00,1224041,9993,8571
1224,1,1,2012/2013,8,9/23/2012 0:00,1224042,9986,9987
1225,1,1,2012/2013,8,9/22/2012 0:00,1224043,10000,8635
1226,1,1,2012/2013,8,9/22/2012 0:00,1224044,9994,1773
1227,1,1,2012/2013,8,9/22/2012 0:00,1224045,8203,9998
1228,1,1,2012/2013,8,9/22/2012 0:00,1224046,8475,9989
1229,1,1,2012/2013,9,9/29/2012 0:00,1224047,8635,9994
1230,1,1,2012/2013,9,9/29/2012 0:00,1224048,9987,8203
1231,1,1,2012/2013,9,9/30/2012 0:00,1224049,9991,8342
1232,1,1,2012/2013,9,9/29/2012 0:00,1224050,1773,8475
1233,1,1,2012/2013,9,9/30/2012 0:00,1224051,8571,9985
1234,1,1,2012/2013,9,9/29/2012 0:00,1224052,9989,10000
1235,1,1,2012/2013,9,9/29/2012 0:00,1224053,9998,9993
1236,1,1,2012/2013,9,9/29/2012 0:00,1224054,9984,9986
1237,1,1,2013/2014,1,3/29/2014 0:00,1677179,8475,9989
1238,1,1,2013/2014,1,3/29/2014 0:00,1677180,9991,8573
1239,1,1,2013/2014,2,4/5/2014 0:00,1677181,9989,9991
1240,1,1,2013/2014,2,4/5/2014 0:00,1677182,8573,8475
1241,1,1,2013/2014,3,4/12/2014 0:00,1677183,9991,8475
1242,1,1,2013/2014,3,4/12/2014 0:00,1677184,8573,9989
1243,1,1,2013/2014,4,4/19/2014 0:00,1677185,8475,9991
1244,1,1,2013/2014,4,4/19/2014 0:00,1677186,9989,8573
1245,1,1,2013/2014,5,4/26/2014 0:00,1677187,9989,8475
1246,1,1,2013/2014,5,4/26/2014 0:00,1677188,8573,9991
1247,1,1,2013/2014,6,5/3/2014 0:00,1677189,8475,8573
1248,1,1,2013/2014,6,5/3/2014 0:00,1677190,9991,9989
1249,1,1,2014/2015,1,7/25/2014 0:00,1717817,9985,9986
1250,1,1,2014/2015,1,7/26/2014 0:00,1717818,8475,8342
1251,1,1,2014/2015,1,7/26/2014 0:00,1717819,9984,9991
1252,1,1,2014/2015,1,7/26/2014 0:00,1717820,9989,8573
1253,1,1,2014/2015,1,7/26/2014 0:00,1717821,10001,9994
1254,1,1,2014/2015,1,7/27/2014 0:00,1717822,8203,9987
1255,1,1,2014/2015,1,7/27/2014 0:00,1717823,8635,274581
1256,1,1,2014/2015,1,7/27/2014 0:00,1717824,10000,8571
1257,1,1,2014/2015,10,10/5/2014 0:00,1717889,8342,9985
1258,1,1,2014/2015,10,10/5/2014 0:00,1717890,8635,9987
1259,1,1,2014/2015,10,10/4/2014 0:00,1717891,9986,8571
1260,1,1,2014/2015,10,10/4/2014 0:00,1717892,274581,8203
1261,1,1,2014/2015,10,10/5/2014 0:00,1717893,9994,8573
1262,1,1,2014/2015,10,10/4/2014 0:00,1717894,9989,10000
1263,1,1,2014/2015,10,10/3/2014 0:00,1717895,10001,9991
1264,1,1,2014/2015,10,10/4/2014 0:00,1717896,8475,9984
1265,1,1,2014/2015,11,10/19/2014 0:00,1717897,9985,10000
1266,1,1,2014/2015,11,10/19/2014 0:00,1717898,9987,10001
1267,1,1,2014/2015,11,10/18/2014 0:00,1717899,9991,9986
1268,1,1,2014/2015,11,10/18/2014 0:00,1717900,8573,274581
1269,1,1,2014/2015,11,10/19/2014 0:00,1717901,9994,8342
1270,1,1,2014/2015,11,10/18/2014 0:00,1717902,8571,8475
1271,1,1,2014/2015,11,10/18/2014 0:00,1717903,8203,8635
1272,1,1,2014/2015,11,10/18/2014 0:00,1717904,9984,9989
1273,1,1,2014/2015,12,10/26/2014 0:00,1717905,8342,9991
1274,1,1,2014/2015,12,10/26/2014 0:00,1717906,8635,9985
1275,1,1,2014/2015,12,10/25/2014 0:00,1717907,9986,8573
1276,1,1,2014/2015,12,10/25/2014 0:00,1717908,10000,9984
1277,1,1,2014/2015,12,10/26/2014 0:00,1717909,274581,9994
1278,1,1,2014/2015,12,10/24/2014 0:00,1717910,9989,8203
1279,1,1,2014/2015,12,10/25/2014 0:00,1717911,10001,8571
1280,1,1,2014/2015,12,10/25/2014 0:00,1717912,8475,9987
1281,1,1,2014/2015,13,10/28/2014 0:00,1717913,9987,9989
1282,1,1,2014/2015,13,10/29/2014 0:00,1717914,9991,8475
1283,1,1,2014/2015,13,10/29/2014 0:00,1717915,8573,10001
1284,1,1,2014/2015,13,10/30/2014 0:00,1717916,274581,8342
1285,1,1,2014/2015,13,10/29/2014 0:00,1717917,9994,9986
1286,1,1,2014/2015,13,10/29/2014 0:00,1717918,8571,8635
1287,1,1,2014/2015,13,10/28/2014 0:00,1717919,8203,10000
1288,1,1,2014/2015,13,10/29/2014 0:00,1717920,9984,9985
1289,1,1,2014/2015,14,11/1/2014 0:00,1717921,8635,9994
1290,1,1,2014/2015,14,11/1/2014 0:00,1717922,9985,8203
1291,1,1,2014/2015,14,11/2/2014 0:00,1717923,9986,8342
1292,1,1,2014/2015,14,10/31/2014 0:00,1717924,10000,9987
1293,1,1,2014/2015,14,11/2/2014 0:00,1717925,9989,9991
1294,1,1,2014/2015,14,11/2/2014 0:00,1717926,10001,274581
1295,1,1,2014/2015,14,11/1/2014 0:00,1717927,8475,8573
1296,1,1,2014/2015,14,11/1/2014 0:00,1717928,9984,8571
1297,1,1,2014/2015,15,11/9/2014 0:00,1717929,8342,10001
1298,1,1,2014/2015,15,11/9/2014 0:00,1717930,9987,9985
1299,1,1,2014/2015,15,11/9/2014 0:00,1717931,9991,8635
1300,1,1,2014/2015,15,11/7/2014 0:00,1717932,8573,10000
1301,1,1,2014/2015,15,11/8/2014 0:00,1717933,274581,9986
1302,1,1,2014/2015,15,11/9/2014 0:00,1717934,9994,8475
1303,1,1,2014/2015,15,11/8/2014 0:00,1717935,8571,9989
1304,1,1,2014/2015,15,11/8/2014 0:00,1717936,8203,9984
1305,1,1,2014/2015,16,11/22/2014 0:00,1717937,274581,9989
1306,1,1,2014/2015,16,11/22/2014 0:00,1717938,9994,10001
1307,1,1,2014/2015,16,11/23/2014 0:00,1717939,8571,10000
1308,1,1,2014/2015,16,11/22/2014 0:00,1717940,8342,8475
1309,1,1,2014/2015,16,11/23/2014 0:00,1717941,9987,8203
1310,1,1,2014/2015,16,11/22/2014 0:00,1717942,9991,9984
1311,1,1,2014/2015,16,11/23/2014 0:00,1717943,8573,9985
1312,1,1,2014/2015,16,11/22/2014 0:00,1717944,9986,8635
1313,1,1,2014/2015,17,11/30/2014 0:00,1717945,8635,8342
1314,1,1,2014/2015,17,11/30/2014 0:00,1717946,9985,8571
1315,1,1,2014/2015,17,11/28/2014 0:00,1717947,10000,9991
1316,1,1,2014/2015,17,11/29/2014 0:00,1717948,8203,8573
1317,1,1,2014/2015,17,11/30/2014 0:00,1717949,9989,9994
1318,1,1,2014/2015,17,11/29/2014 0:00,1717950,10001,9986
1319,1,1,2014/2015,17,11/29/2014 0:00,1717951,8475,274581
1320,1,1,2014/2015,17,11/29/2014 0:00,1717952,9984,9987
1321,1,1,2014/2015,18,12/7/2014 0:00,1717953,8342,10000
1322,1,1,2014/2015,18,12/7/2014 0:00,1717954,9991,9987
1323,1,1,2014/2015,18,12/6/2014 0:00,1717955,8573,9989
1324,1,1,2014/2015,18,12/7/2014 0:00,1717956,9986,9985
1325,1,1,2014/2015,18,12/6/2014 0:00,1717957,274581,8635
1326,1,1,2014/2015,18,12/6/2014 0:00,1717958,9994,9984
1327,1,1,2014/2015,18,12/6/2014 0:00,1717959,8571,8203
1328,1,1,2014/2015,18,12/5/2014 0:00,1717960,10001,8475
1329,1,1,2014/2015,19,12/14/2014 0:00,1717961,8635,8573
1330,1,1,2014/2015,19,12/14/2014 0:00,1717962,9985,8342
1331,1,1,2014/2015,19,12/13/2014 0:00,1717963,9987,8571
1332,1,1,2014/2015,19,12/14/2014 0:00,1717964,10000,9994
1333,1,1,2014/2015,19,12/12/2014 0:00,1717965,8203,9991
1334,1,1,2014/2015,19,12/13/2014 0:00,1717966,9989,10001
1335,1,1,2014/2015,19,12/13/2014 0:00,1717967,8475,9986
1336,1,1,2014/2015,19,12/13/2014 0:00,1717968,9984,274581
1337,1,1,2014/2015,2,8/3/2014 0:00,1717825,8342,9989
1338,1,1,2014/2015,2,8/2/2014 0:00,1717826,9987,9984
1339,1,1,2014/2015,2,8/3/2014 0:00,1717827,9991,8203
1340,1,1,2014/2015,2,8/1/2014 0:00,1717828,8573,8635
1341,1,1,2014/2015,2,8/2/2014 0:00,1717829,9986,10001
1342,1,1,2014/2015,2,8/2/2014 0:00,1717830,274581,8475
1343,1,1,2014/2015,2,8/3/2014 0:00,1717831,9994,10000
1344,1,1,2014/2015,2,8/2/2014 0:00,1717832,8571,9985
1345,1,1,2014/2015,20,12/21/2014 0:00,1717969,8342,9987
1346,1,1,2014/2015,20,12/21/2014 0:00,1717970,9991,9985
1347,1,1,2014/2015,20,12/20/2014 0:00,1717971,8573,9984
1348,1,1,2014/2015,20,12/20/2014 0:00,1717972,9986,9989
1349,1,1,2014/2015,20,12/20/2014 0:00,1717973,274581,10000
1350,1,1,2014/2015,20,12/21/2014 0:00,1717974,9994,8571
1351,1,1,2014/2015,20,12/20/2014 0:00,1717975,10001,8203
1352,1,1,2014/2015,20,12/20/2014 0:00,1717976,8475,8635
1353,1,1,2014/2015,21,12/26/2014 0:00,1717977,8635,10001
1354,1,1,2014/2015,21,12/27/2014 0:00,1717978,9985,9994
1355,1,1,2014/2015,21,2/3/2015 0:00,1717979,9987,8573
1356,1,1,2014/2015,21,12/26/2014 0:00,1717980,10000,9986
1357,1,1,2014/2015,21,12/26/2014 0:00,1717981,8571,9991
1358,1,1,2014/2015,21,12/26/2014 0:00,1717982,8203,274581
1359,1,1,2014/2015,21,12/26/2014 0:00,1717983,9989,8342
1360,1,1,2014/2015,21,12/27/2014 0:00,1717984,9984,8475
1361,1,1,2014/2015,22,1/16/2015 0:00,1717985,8342,8203
1362,1,1,2014/2015,22,1/18/2015 0:00,1717986,8635,9989
1363,1,1,2014/2015,22,1/17/2015 0:00,1717987,8573,8571
1364,1,1,2014/2015,22,1/17/2015 0:00,1717988,9986,9984
1365,1,1,2014/2015,22,1/17/2015 0:00,1717989,274581,9991
1366,1,1,2014/2015,22,1/18/2015 0:00,1717990,9994,9987
1367,1,1,2014/2015,22,1/18/2015 0:00,1717991,10001,9985
1368,1,1,2014/2015,22,1/17/2015 0:00,1717992,8475,10000
1369,1,1,2014/2015,23,1/25/2015 0:00,1717993,9985,8635
1370,1,1,2014/2015,23,1/23/2015 0:00,1717994,9987,274581
1371,1,1,2014/2015,23,1/25/2015 0:00,1717995,9991,8573
1372,1,1,2014/2015,23,1/24/2015 0:00,1717996,10000,10001
1373,1,1,2014/2015,23,1/24/2015 0:00,1717997,8571,9986
1374,1,1,2014/2015,23,1/24/2015 0:00,1717998,8203,9994
1375,1,1,2014/2015,23,1/24/2015 0:00,1717999,9989,8475
1376,1,1,2014/2015,23,1/25/2015 0:00,1718000,9984,8342
1377,1,1,2014/2015,24,1/30/2015 0:00,1718001,8342,8573
1378,1,1,2014/2015,24,2/1/2015 0:00,1718002,8635,10000
1379,1,1,2014/2015,24,1/31/2015 0:00,1718003,9986,9987
1380,1,1,2014/2015,24,1/31/2015 0:00,1718004,274581,8571
1381,1,1,2014/2015,24,2/1/2015 0:00,1718005,9994,9991
1382,1,1,2014/2015,24,2/1/2015 0:00,1718006,9989,9985
1383,1,1,2014/2015,24,1/31/2015 0:00,1718007,10001,9984
1384,1,1,2014/2015,24,1/31/2015 0:00,1718008,8475,8203
1385,1,1,2014/2015,25,2/6/2015 0:00,1718009,9985,274581
1386,1,1,2014/2015,25,2/8/2015 0:00,1718010,9987,8475
1387,1,1,2014/2015,25,2/7/2015 0:00,1718011,9991,10001
1388,1,1,2014/2015,25,2/7/2015 0:00,1718012,8573,9994
1389,1,1,2014/2015,25,2/7/2015 0:00,1718013,10000,9989
1390,1,1,2014/2015,25,2/8/2015 0:00,1718014,8571,8342
1391,1,1,2014/2015,25,2/7/2015 0:00,1718015,8203,9986
1392,1,1,2014/2015,25,2/8/2015 0:00,1718016,9984,8635
1393,1,1,2014/2015,26,2/15/2015 0:00,1718017,8635,8203
1394,1,1,2014/2015,26,2/15/2015 0:00,1718018,8342,9994
1395,1,1,2014/2015,26,2/15/2015 0:00,1718019,9986,9991
1396,1,1,2014/2015,26,2/14/2015 0:00,1718020,10000,9985
1397,1,1,2014/2015,26,2/14/2015 0:00,1718021,274581,8573
1398,1,1,2014/2015,26,2/14/2015 0:00,1718022,9989,9984
1399,1,1,2014/2015,26,2/13/2015 0:00,1718023,10001,9987
1400,1,1,2014/2015,26,2/14/2015 0:00,1718024,8475,8571
1401,1,1,2014/2015,27,2/20/2015 0:00,1718025,9985,8475
1402,1,1,2014/2015,27,2/22/2015 0:00,1718026,9987,8635
1403,1,1,2014/2015,27,2/22/2015 0:00,1718027,9991,8342
1404,1,1,2014/2015,27,2/21/2015 0:00,1718028,8573,9986
1405,1,1,2014/2015,27,2/21/2015 0:00,1718029,9994,274581
1406,1,1,2014/2015,27,2/21/2015 0:00,1718030,8571,10001
1407,1,1,2014/2015,27,2/22/2015 0:00,1718031,8203,9989
1408,1,1,2014/2015,27,2/21/2015 0:00,1718032,9984,10000
1409,1,1,2014/2015,28,3/1/2015 0:00,1718033,8342,274581
1410,1,1,2014/2015,28,3/1/2015 0:00,1718034,8635,8571
1411,1,1,2014/2015,28,2/27/2015 0:00,1718035,9985,9984
1412,1,1,2014/2015,28,2/28/2015 0:00,1718036,9986,9994
1413,1,1,2014/2015,28,2/28/2015 0:00,1718037,10000,8203
1414,1,1,2014/2015,28,2/28/2015 0:00,1718038,9989,9987
1415,1,1,2014/2015,28,2/28/2015 0:00,1718039,10001,8573
1416,1,1,2014/2015,28,3/1/2015 0:00,1718040,8475,9991
1417,1,1,2014/2015,29,3/7/2015 0:00,1718041,8342,9986
1418,1,1,2014/2015,29,3/7/2015 0:00,1718042,9987,10000
1419,1,1,2014/2015,29,3/7/2015 0:00,1718043,9991,9989
1420,1,1,2014/2015,29,3/7/2015 0:00,1718044,8573,8475
1421,1,1,2014/2015,29,3/7/2015 0:00,1718045,274581,10001
1422,1,1,2014/2015,29,3/7/2015 0:00,1718046,9994,8635
1423,1,1,2014/2015,29,3/7/2015 0:00,1718047,8571,9984
1424,1,1,2014/2015,29,3/7/2015 0:00,1718048,8203,9985
1425,1,1,2014/2015,3,8/10/2014 0:00,1717833,8635,9986
1426,1,1,2014/2015,3,8/10/2014 0:00,1717834,9985,9991
1427,1,1,2014/2015,3,8/8/2014 0:00,1717835,9987,9994
1428,1,1,2014/2015,3,8/10/2014 0:00,1717836,10000,8342
1429,1,1,2014/2015,3,8/9/2014 0:00,1717837,8203,8571
1430,1,1,2014/2015,3,8/9/2014 0:00,1717838,9989,274581
1431,1,1,2014/2015,3,8/9/2014 0:00,1717839,8475,10001
1432,1,1,2014/2015,3,8/9/2014 0:00,1717840,9984,8573
1433,1,1,2014/2015,30,3/15/2015 0:00,1718049,9986,274581
1434,1,1,2014/2015,30,3/15/2015 0:00,1718050,8635,9991
1435,1,1,2014/2015,30,3/15/2015 0:00,1718051,10000,8573
1436,1,1,2014/2015,30,3/15/2015 0:00,1718052,9985,9987
1437,1,1,2014/2015,30,3/15/2015 0:00,1718053,10001,8342
1438,1,1,2014/2015,30,3/15/2015 0:00,1718054,9984,8203
1439,1,1,2014/2015,30,3/15/2015 0:00,1718055,8475,9994
1440,1,1,2014/2015,30,3/15/2015 0:00,1718056,9989,8571
1441,1,1,2014/2015,4,8/15/2014 0:00,1717841,8342,9984
1442,1,1,2014/2015,4,8/17/2014 0:00,1717842,9991,10000
1443,1,1,2014/2015,4,8/16/2014 0:00,1717843,8573,8203
1444,1,1,2014/2015,4,8/16/2014 0:00,1717844,9986,8475
1445,1,1,2014/2015,4,8/15/2014 0:00,1717845,274581,9985
1446,1,1,2014/2015,4,8/16/2014 0:00,1717846,9994,9989
1447,1,1,2014/2015,4,8/16/2014 0:00,1717847,8571,9987
1448,1,1,2014/2015,4,8/17/2014 0:00,1717848,10001,8635
1449,1,1,2014/2015,5,8/24/2014 0:00,1717849,8635,8475
1450,1,1,2014/2015,5,8/23/2014 0:00,1717850,9985,10001
1451,1,1,2014/2015,5,8/22/2014 0:00,1717851,9987,9991
1452,1,1,2014/2015,5,8/23/2014 0:00,1717852,10000,274581
1453,1,1,2014/2015,5,8/23/2014 0:00,1717853,8571,8573
1454,1,1,2014/2015,5,8/24/2014 0:00,1717854,8203,8342
1455,1,1,2014/2015,5,8/23/2014 0:00,1717855,9989,9986
1456,1,1,2014/2015,5,8/24/2014 0:00,1717856,9984,9994
1457,1,1,2014/2015,6,8/31/2014 0:00,1717857,8342,8635
1458,1,1,2014/2015,6,8/29/2014 0:00,1717858,9991,8571
1459,1,1,2014/2015,6,8/30/2014 0:00,1717859,8573,9987
1460,1,1,2014/2015,6,8/31/2014 0:00,1717860,9986,8203
1461,1,1,2014/2015,6,8/30/2014 0:00,1717861,274581,9984
1462,1,1,2014/2015,6,8/31/2014 0:00,1717862,9994,9985
1463,1,1,2014/2015,6,8/30/2014 0:00,1717863,10001,10000
1464,1,1,2014/2015,6,8/30/2014 0:00,1717864,8475,9989
1465,1,1,2014/2015,7,9/13/2014 0:00,1717865,9985,8573
1466,1,1,2014/2015,7,9/14/2014 0:00,1717866,9987,8342
1467,1,1,2014/2015,7,9/14/2014 0:00,1717867,9991,274581
1468,1,1,2014/2015,7,9/13/2014 0:00,1717868,10000,8475
1469,1,1,2014/2015,7,9/14/2014 0:00,1717869,8571,9994
1470,1,1,2014/2015,7,9/13/2014 0:00,1717870,8203,10001
1471,1,1,2014/2015,7,9/13/2014 0:00,1717871,9989,8635
1472,1,1,2014/2015,7,9/13/2014 0:00,1717872,9984,9986
1473,1,1,2014/2015,8,9/21/2014 0:00,1717873,8342,8571
1474,1,1,2014/2015,8,9/20/2014 0:00,1717874,8635,9984
1475,1,1,2014/2015,8,9/20/2014 0:00,1717875,8573,9991
1476,1,1,2014/2015,8,9/19/2014 0:00,1717876,9986,10000
1477,1,1,2014/2015,8,9/20/2014 0:00,1717877,274581,9987
1478,1,1,2014/2015,8,9/21/2014 0:00,1717878,9994,8203
1479,1,1,2014/2015,8,9/20/2014 0:00,1717879,10001,9989
1480,1,1,2014/2015,8,9/21/2014 0:00,1717880,8475,9985
1481,1,1,2014/2015,9,9/28/2014 0:00,1717881,9985,9989
1482,1,1,2014/2015,9,9/27/2014 0:00,1717882,9987,9986
1483,1,1,2014/2015,9,9/28/2014 0:00,1717883,9991,9994
1484,1,1,2014/2015,9,9/28/2014 0:00,1717884,8573,8342
1485,1,1,2014/2015,9,9/27/2014 0:00,1717885,10000,8635
1486,1,1,2014/2015,9,9/27/2014 0:00,1717886,8571,274581
1487,1,1,2014/2015,9,9/27/2014 0:00,1717887,8203,8475
1488,1,1,2014/2015,9,9/27/2014 0:00,1717888,9984,10001
1489,1,1,2015/2016,1,7/24/2015 0:00,1979832,9997,8342
1490,1,1,2015/2016,1,7/25/2015 0:00,1979833,8571,9985
1491,1,1,2015/2016,1,7/25/2015 0:00,1979834,9987,1773
1492,1,1,2015/2016,1,7/25/2015 0:00,1979835,8573,8203
1493,1,1,2015/2016,1,7/25/2015 0:00,1979836,10000,9994
1494,1,1,2015/2016,1,7/26/2015 0:00,1979837,10001,9991
1495,1,1,2015/2016,1,7/26/2015 0:00,1979838,8635,8475
1496,1,1,2015/2016,1,7/26/2015 0:00,1979839,9986,274581
1497,1,1,2015/2016,10,10/4/2015 0:00,1979896,8635,8203
1498,1,1,2015/2016,10,10/4/2015 0:00,1979897,9991,8342
1499,1,1,2015/2016,10,10/4/2015 0:00,1979898,9987,9985
1500,1,1,2015/2016,10,10/2/2015 0:00,1979899,8573,9994
1501,1,1,2015/2016,10,10/3/2015 0:00,1979900,9986,10000
1502,1,1,2015/2016,10,10/3/2015 0:00,1979901,1773,274581
1503,1,1,2015/2016,10,10/3/2015 0:00,1979902,10001,8571
1504,1,1,2015/2016,10,10/3/2015 0:00,1979903,9997,8475
1505,1,1,2015/2016,11,10/18/2015 0:00,1979904,8342,8573
1506,1,1,2015/2016,11,10/17/2015 0:00,1979905,9985,10001
1507,1,1,2015/2016,11,10/17/2015 0:00,1979906,8203,9997
1508,1,1,2015/2016,11,10/18/2015 0:00,1979907,10000,8635
1509,1,1,2015/2016,11,10/16/2015 0:00,1979908,274581,9991
1510,1,1,2015/2016,11,10/17/2015 0:00,1979909,9994,1773
1511,1,1,2015/2016,11,10/18/2015 0:00,1979910,8571,9986
1512,1,1,2015/2016,11,10/17/2015 0:00,1979911,8475,9987
1513,1,1,2015/2016,12,10/25/2015 0:00,1979912,8635,8342
1514,1,1,2015/2016,12,10/24/2015 0:00,1979913,9991,8573
1515,1,1,2015/2016,12,10/23/2015 0:00,1979914,9987,274581
1516,1,1,2015/2016,12,10/24/2015 0:00,1979915,8203,10000
1517,1,1,2015/2016,12,10/25/2015 0:00,1979916,9986,9985
1518,1,1,2015/2016,12,10/24/2015 0:00,1979917,1773,8475
1519,1,1,2015/2016,12,10/24/2015 0:00,1979918,10001,9994
1520,1,1,2015/2016,12,10/25/2015 0:00,1979919,9997,8571
1521,1,1,2015/2016,13,10/28/2015 0:00,1979920,8342,1773
1522,1,1,2015/2016,13,10/28/2015 0:00,1979921,9985,8203
1523,1,1,2015/2016,13,10/27/2015 0:00,1979922,8573,9987
1524,1,1,2015/2016,13,10/28/2015 0:00,1979923,10000,9997
1525,1,1,2015/2016,13,10/27/2015 0:00,1979924,274581,10001
1526,1,1,2015/2016,13,10/27/2015 0:00,1979925,9994,9991
1527,1,1,2015/2016,13,10/29/2015 0:00,1979926,8571,8635
1528,1,1,2015/2016,13,10/28/2015 0:00,1979927,8475,9986
1529,1,1,2015/2016,14,11/1/2015 0:00,1979928,8635,274581
1530,1,1,2015/2016,14,10/30/2015 0:00,1979929,9987,9994
1531,1,1,2015/2016,14,10/31/2015 0:00,1979930,8203,8475
1532,1,1,2015/2016,14,11/1/2015 0:00,1979931,10000,8571
1533,1,1,2015/2016,14,10/31/2015 0:00,1979932,9986,8573
1534,1,1,2015/2016,14,10/31/2015 0:00,1979933,1773,9991
1535,1,1,2015/2016,14,10/31/2015 0:00,1979934,10001,8342
1536,1,1,2015/2016,14,11/1/2015 0:00,1979935,9997,9985
1537,1,1,2015/2016,15,11/8/2015 0:00,1979936,8342,9987
1538,1,1,2015/2016,15,11/8/2015 0:00,1979937,9985,8635
1539,1,1,2015/2016,15,11/8/2015 0:00,1979938,9991,9986
1540,1,1,2015/2016,15,11/7/2015 0:00,1979939,8573,1773
1541,1,1,2015/2016,15,11/6/2015 0:00,1979940,274581,10000
1542,1,1,2015/2016,15,11/7/2015 0:00,1979941,9994,9997
1543,1,1,2015/2016,15,11/7/2015 0:00,1979942,8571,8203
1544,1,1,2015/2016,15,11/7/2015 0:00,1979943,8475,10001
1545,1,1,2015/2016,16,11/21/2015 0:00,1979944,8342,10000
1546,1,1,2015/2016,16,11/22/2015 0:00,1979945,9985,8571
1547,1,1,2015/2016,16,11/20/2015 0:00,1979946,9991,10001
1548,1,1,2015/2016,16,11/22/2015 0:00,1979947,8203,8573
1549,1,1,2015/2016,16,12/22/2015 0:00,1979948,274581,9986
1550,1,1,2015/2016,16,12/23/2015 0:00,1979949,9994,8635
1551,1,1,2015/2016,16,11/21/2015 0:00,1979950,1773,9987
1552,1,1,2015/2016,16,11/21/2015 0:00,1979951,8475,9997
1553,1,1,2015/2016,17,11/29/2015 0:00,1979952,8635,1773
1554,1,1,2015/2016,17,11/28/2015 0:00,1979953,9987,9991
1555,1,1,2015/2016,17,11/29/2015 0:00,1979954,8203,8342
1556,1,1,2015/2016,17,11/27/2015 0:00,1979955,10000,9985
1557,1,1,2015/2016,17,11/28/2015 0:00,1979956,8571,8475
1558,1,1,2015/2016,17,11/28/2015 0:00,1979957,9986,9994
1559,1,1,2015/2016,17,11/29/2015 0:00,1979958,10001,8573
1560,1,1,2015/2016,17,11/28/2015 0:00,1979959,9997,274581
1561,1,1,2015/2016,18,12/6/2015 0:00,1979960,8342,9986
1562,1,1,2015/2016,18,12/4/2015 0:00,1979961,9991,10000
1563,1,1,2015/2016,18,12/6/2015 0:00,1979962,9987,8635
1564,1,1,2015/2016,18,12/5/2015 0:00,1979963,8573,9997
1565,1,1,2015/2016,18,12/5/2015 0:00,1979964,274581,8203
1566,1,1,2015/2016,18,12/6/2015 0:00,1979965,9994,8571
1567,1,1,2015/2016,18,12/5/2015 0:00,1979966,1773,10001
1568,1,1,2015/2016,18,12/5/2015 0:00,1979967,8475,9985
1569,1,1,2015/2016,19,12/13/2015 0:00,1979968,8635,8573
1570,1,1,2015/2016,19,12/13/2015 0:00,1979969,9985,8342
1571,1,1,2015/2016,19,12/12/2015 0:00,1979970,8203,9994
1572,1,1,2015/2016,19,12/12/2015 0:00,1979971,10000,8475
1573,1,1,2015/2016,19,12/12/2015 0:00,1979972,8571,274581
1574,1,1,2015/2016,19,12/12/2015 0:00,1979973,9986,1773
1575,1,1,2015/2016,19,12/11/2015 0:00,1979974,10001,9987
1576,1,1,2015/2016,19,12/13/2015 0:00,1979975,9997,9991
1577,1,1,2015/2016,2,7/31/2015 0:00,1979840,9991,9987
1578,1,1,2015/2016,2,8/1/2015 0:00,1979841,8342,8203
1579,1,1,2015/2016,2,8/1/2015 0:00,1979842,8475,8571
1580,1,1,2015/2016,2,8/1/2015 0:00,1979843,8573,10001
1581,1,1,2015/2016,2,8/1/2015 0:00,1979844,274581,9997
1582,1,1,2015/2016,2,8/2/2015 0:00,1979845,9994,9986
1583,1,1,2015/2016,2,8/2/2015 0:00,1979846,9985,10000
1584,1,1,2015/2016,2,8/2/2015 0:00,1979847,1773,8635
1585,1,1,2015/2016,20,12/20/2015 0:00,1979976,8342,8635
1586,1,1,2015/2016,20,12/20/2015 0:00,1979977,9991,8571
1587,1,1,2015/2016,20,12/19/2015 0:00,1979978,9987,9997
1588,1,1,2015/2016,20,12/20/2015 0:00,1979979,8573,9985
1589,1,1,2015/2016,20,12/19/2015 0:00,1979980,274581,8475
1590,1,1,2015/2016,20,12/18/2015 0:00,1979981,9994,10000
1591,1,1,2015/2016,20,12/19/2015 0:00,1979982,1773,8203
1592,1,1,2015/2016,20,12/19/2015 0:00,1979983,10001,9986
1593,1,1,2015/2016,21,12/27/2015 0:00,1979984,8635,10001
1594,1,1,2015/2016,21,12/27/2015 0:00,1979985,9985,274581
1595,1,1,2015/2016,21,12/26/2015 0:00,1979986,8203,9991
1596,1,1,2015/2016,21,12/27/2015 0:00,1979987,10000,8573
1597,1,1,2015/2016,21,12/26/2015 0:00,1979988,8571,8342
1598,1,1,2015/2016,21,12/26/2015 0:00,1979989,9986,9987
1599,1,1,2015/2016,21,12/26/2015 0:00,1979990,8475,9994
1600,1,1,2015/2016,21,12/26/2015 0:00,1979991,9997,1773
1601,1,1,2015/2016,22,1/16/2016 0:00,1979992,8342,274581
1602,1,1,2015/2016,22,1/17/2016 0:00,1979993,9991,8635
1603,1,1,2015/2016,22,1/15/2016 0:00,1979994,9987,10000
1604,1,1,2015/2016,22,1/17/2016 0:00,1979995,8573,8475
1605,1,1,2015/2016,22,1/17/2016 0:00,1979996,9994,9985
1606,1,1,2015/2016,22,1/16/2016 0:00,1979997,9986,9997
1607,1,1,2015/2016,22,1/16/2016 0:00,1979998,1773,8571
1608,1,1,2015/2016,22,1/16/2016 0:00,1979999,10001,8203
1609,1,1,2015/2016,23,1/24/2016 0:00,1980000,8635,9986
1610,1,1,2015/2016,23,1/24/2016 0:00,1980001,9985,9991
1611,1,1,2015/2016,23,1/23/2016 0:00,1980002,8203,9987
1612,1,1,2015/2016,23,1/23/2016 0:00,1980003,10000,1773
1613,1,1,2015/2016,23,1/23/2016 0:00,1980004,274581,9994
1614,1,1,2015/2016,23,1/22/2016 0:00,1980005,8571,8573
1615,1,1,2015/2016,23,1/24/2016 0:00,1980006,8475,8342
1616,1,1,2015/2016,23,1/23/2016 0:00,1980007,9997,10001
1617,1,1,2015/2016,24,1/31/2016 0:00,1980008,8342,9994
1618,1,1,2015/2016,24,1/31/2016 0:00,1980009,9991,8475
1619,1,1,2015/2016,24,1/30/2016 0:00,1980010,9987,8571
1620,1,1,2015/2016,24,1/31/2016 0:00,1980011,8573,274581
1621,1,1,2015/2016,24,1/30/2016 0:00,1980012,9986,8203
1622,1,1,2015/2016,24,1/30/2016 0:00,1980013,1773,9985
1623,1,1,2015/2016,24,1/30/2016 0:00,1980014,10001,10000
1624,1,1,2015/2016,24,1/29/2016 0:00,1980015,9997,8635
1625,1,1,2015/2016,25,2/7/2016 0:00,1980016,8342,9991
1626,1,1,2015/2016,25,2/7/2016 0:00,1980017,9985,9997
1627,1,1,2015/2016,25,2/5/2016 0:00,1980018,8203,8635
1628,1,1,2015/2016,25,2/6/2016 0:00,1980019,10000,9986
1629,1,1,2015/2016,25,2/6/2016 0:00,1980020,274581,9987
1630,1,1,2015/2016,25,2/7/2016 0:00,1980021,9994,8573
1631,1,1,2015/2016,25,2/6/2016 0:00,1980022,8571,10001
1632,1,1,2015/2016,25,2/6/2016 0:00,1980023,8475,1773
1633,1,1,2015/2016,26,2/13/2016 0:00,1980024,8635,10000
1634,1,1,2015/2016,26,2/12/2016 0:00,1980025,9991,274581
1635,1,1,2015/2016,26,2/13/2016 0:00,1980026,9987,8475
1636,1,1,2015/2016,26,2/14/2016 0:00,1980027,8573,8342
1637,1,1,2015/2016,26,2/13/2016 0:00,1980028,9986,8571
1638,1,1,2015/2016,26,2/13/2016 0:00,1980029,1773,9994
1639,1,1,2015/2016,26,2/14/2016 0:00,1980030,10001,9985
1640,1,1,2015/2016,26,2/14/2016 0:00,1980031,9997,8203
1641,1,1,2015/2016,27,2/19/2016 0:00,1980032,8342,10001
1642,1,1,2015/2016,27,2/20/2016 0:00,1980033,9985,9986
1643,1,1,2015/2016,27,2/21/2016 0:00,1980034,8573,9991
1644,1,1,2015/2016,27,2/21/2016 0:00,1980035,10000,8203
1645,1,1,2015/2016,27,2/20/2016 0:00,1980036,274581,1773
1646,1,1,2015/2016,27,2/20/2016 0:00,1980037,9994,9987
1647,1,1,2015/2016,27,2/20/2016 0:00,1980038,8571,9997
1648,1,1,2015/2016,27,2/21/2016 0:00,1980039,8475,8635
1649,1,1,2015/2016,28,2/28/2016 0:00,1980040,8635,9985
1650,1,1,2015/2016,28,2/26/2016 0:00,1980041,9991,9994
1651,1,1,2015/2016,28,2/28/2016 0:00,1980042,9987,8342
1652,1,1,2015/2016,28,2/27/2016 0:00,1980043,8203,8571
1653,1,1,2015/2016,28,2/28/2016 0:00,1980044,9986,8475
1654,1,1,2015/2016,28,2/27/2016 0:00,1980045,1773,8573
1655,1,1,2015/2016,28,2/27/2016 0:00,1980046,10001,274581
1656,1,1,2015/2016,28,2/27/2016 0:00,1980047,9997,10000
1657,1,1,2015/2016,29,3/5/2016 0:00,1980048,8342,9997
1658,1,1,2015/2016,29,3/5/2016 0:00,1980049,9985,9987
1659,1,1,2015/2016,29,3/4/2016 0:00,1980050,9991,1773
1660,1,1,2015/2016,29,3/5/2016 0:00,1980051,8573,9986
1661,1,1,2015/2016,29,3/5/2016 0:00,1980052,274581,8635
1662,1,1,2015/2016,29,3/5/2016 0:00,1980053,9994,10001
1663,1,1,2015/2016,29,3/5/2016 0:00,1980054,8571,10000
1664,1,1,2015/2016,29,3/5/2016 0:00,1980055,8475,8203
1665,1,1,2015/2016,3,8/7/2015 0:00,1979848,10000,9987
1666,1,1,2015/2016,3,8/8/2015 0:00,1979849,8571,9994
1667,1,1,2015/2016,3,8/8/2015 0:00,1979850,10001,1773
1668,1,1,2015/2016,3,8/8/2015 0:00,1979851,9997,8573
1669,1,1,2015/2016,3,8/8/2015 0:00,1979852,8203,274581
1670,1,1,2015/2016,3,8/9/2015 0:00,1979853,8635,9991
1671,1,1,2015/2016,3,8/9/2015 0:00,1979854,9986,8342
1672,1,1,2015/2016,3,8/9/2015 0:00,1979855,9985,8475
1673,1,1,2015/2016,30,3/13/2016 0:00,1980056,8635,8571
1674,1,1,2015/2016,30,3/13/2016 0:00,1980057,9987,8573
1675,1,1,2015/2016,30,3/13/2016 0:00,1980058,8203,9985
1676,1,1,2015/2016,30,3/13/2016 0:00,1980059,10000,274581
1677,1,1,2015/2016,30,3/13/2016 0:00,1980060,9986,9991
1678,1,1,2015/2016,30,3/13/2016 0:00,1980061,1773,8342
1679,1,1,2015/2016,30,3/13/2016 0:00,1980062,10001,8475
1680,1,1,2015/2016,30,3/13/2016 0:00,1980063,9997,9994
1681,1,1,2015/2016,4,8/14/2015 0:00,1979856,8342,8571
1682,1,1,2015/2016,4,8/15/2015 0:00,1979857,274581,9985
1683,1,1,2015/2016,4,8/15/2015 0:00,1979858,9994,8203
1684,1,1,2015/2016,4,8/15/2015 0:00,1979859,8475,10000
1685,1,1,2015/2016,4,8/15/2015 0:00,1979860,9987,10001
1686,1,1,2015/2016,4,8/16/2015 0:00,1979861,8573,8635
1687,1,1,2015/2016,4,8/16/2015 0:00,1979862,9991,9997
1688,1,1,2015/2016,4,8/16/2015 0:00,1979863,1773,9986
1689,1,1,2015/2016,5,8/23/2015 0:00,1979864,8635,9994
1690,1,1,2015/2016,5,8/23/2015 0:00,1979865,9985,8573
1691,1,1,2015/2016,5,8/22/2015 0:00,1979866,8203,1773
1692,1,1,2015/2016,5,8/22/2015 0:00,1979867,10000,8342
1693,1,1,2015/2016,5,8/23/2015 0:00,1979868,8571,9991
1694,1,1,2015/2016,5,8/22/2015 0:00,1979869,9986,10001
1695,1,1,2015/2016,5,8/22/2015 0:00,1979870,8475,274581
1696,1,1,2015/2016,5,8/21/2015 0:00,1979871,9997,9987
1697,1,1,2015/2016,6,8/30/2015 0:00,1980065,8342,9985
1698,1,1,2015/2016,6,8/28/2015 0:00,1980066,9987,9986
1699,1,1,2015/2016,6,8/29/2015 0:00,1980067,9991,8203
1700,1,1,2015/2016,6,8/29/2015 0:00,1980068,1773,9997
1701,1,1,2015/2016,6,8/30/2015 0:00,1980069,9994,8475
1702,1,1,2015/2016,6,8/29/2015 0:00,1980070,274581,8571
1703,1,1,2015/2016,6,8/29/2015 0:00,1980071,8573,10000
1704,1,1,2015/2016,6,8/30/2015 0:00,1980072,10001,8635
1705,1,1,2015/2016,7,9/13/2015 0:00,1979872,8635,9987
1706,1,1,2015/2016,7,9/13/2015 0:00,1979873,9985,9994
1707,1,1,2015/2016,7,9/12/2015 0:00,1979874,8203,10001
1708,1,1,2015/2016,7,9/12/2015 0:00,1979875,10000,9991
1709,1,1,2015/2016,7,9/11/2015 0:00,1979876,274581,8342
1710,1,1,2015/2016,7,9/12/2015 0:00,1979877,8571,1773
1711,1,1,2015/2016,7,9/12/2015 0:00,1979878,8475,8573
1712,1,1,2015/2016,7,9/13/2015 0:00,1979879,9997,9986
1713,1,1,2015/2016,8,9/20/2015 0:00,1979880,8342,8475
1714,1,1,2015/2016,8,9/20/2015 0:00,1979881,9991,9985
1715,1,1,2015/2016,8,9/18/2015 0:00,1979882,9987,8203
1716,1,1,2015/2016,8,9/19/2015 0:00,1979883,8573,8571
1717,1,1,2015/2016,8,9/19/2015 0:00,1979884,9994,274581
1718,1,1,2015/2016,8,9/20/2015 0:00,1979885,9986,8635
1719,1,1,2015/2016,8,9/19/2015 0:00,1979886,1773,10000
1720,1,1,2015/2016,8,9/19/2015 0:00,1979887,10001,9997
1721,1,1,2015/2016,9,9/27/2015 0:00,1979888,8635,9997
1722,1,1,2015/2016,9,9/26/2015 0:00,1979889,9985,1773
1723,1,1,2015/2016,9,9/26/2015 0:00,1979890,8203,9986
1724,1,1,2015/2016,9,9/25/2015 0:00,1979891,10000,10001
1725,1,1,2015/2016,9,9/26/2015 0:00,1979892,274581,8573
1726,1,1,2015/2016,9,9/27/2015 0:00,1979893,9994,8342
1727,1,1,2015/2016,9,9/27/2015 0:00,1979894,8571,9987
1728,1,1,2015/2016,9,9/26/2015 0:00,1979895,8475,9991
